"distrito","codigo_sie","unidad_educativa","x","y","estado","nivel_educativo","luz_electrica","agua_potable","alcantarillado","pozo_septico","baños","lava_manos","internet","laboratorios","sala_computacion","turno","nombre_mañana","nombre_tarde","nombre_noche","pob","pob_mañana","pob_tarde","pob_noche"
"D-1","40730001","12 DE OCTUBRE MAÑANA","589300.575233","8174147.20631","Regular","I-P","Sí","Sí","Sí","No","Sí","Sí","Sí","No","Sí","Mañana","12 DE OCTUBRE MAÑANA","NA","NA","902","902","NA","NA"
"D-1","40730002","12 DE OCTUBRE TARDE","589300.575233","8174147.20631","Regular","S","Sí","Sí","Sí","No","Sí","Sí","Sí","Sí","Sí","Tarde","NA","12 DE OCTUBRE TARDE","NA","728","NA","728","NA"
"D-1","40730037","30","588891.986769","8174304.90877","Regular","I-P","Sí","Sí","Sí","No","Sí","Sí","No","No","Sí","Mañana","ANDRES BELLO MAÑANA","NA","NA","582","582","NA","NA"
"D-1","40730038","ANDRES BELLO TARDE","588891.986769","8174304.90877","Regular","S","Sí","Sí","Sí","No","Sí","Sí","Sí","Sí","Sí","Tarde","NA","ANDRES BELLO TARDE","NA","338","NA","338","NA"
"D-1","40730039","JUAN CAPRILES TARDE","589697.681073","8174877.95368","Bueno","I-P-S","Sí","Sí","Sí","No","Sí","Sí","Sí","Sí","Sí","Tarde","NA","JUAN CAPRILES TARDE","NA","741","NA","741","NA"
"D-1","40730040","JUAN CAPRILES MAÑANA","589697.681073","8174877.95368","Bueno","S","Sí","Sí","Sí","No","Sí","Sí","Sí","Sí","Sí","Mañana","JUAN CAPRILES MAÑANA","NA","NA","431","431","NA","NA"
"D-1","40730042","6 DE JUNIO A","NA","NA","Regular","P-S","Sí","Sí","Sí","No","Sí","Sí","Sí","Sí","Sí","Noche","NA","NA","6 DE JUNIO A","43","NA","NA","43"
"D-1","40730043","EVA PERON","589665.70422","8174527.14784","Regular","I-P-S","Sí","Sí","Sí","No","Sí","Sí","Sí","Sí","Sí","Tarde","NA","EVA PERON","NA","1007","NA","1007","NA"
"D-1","40730044","TARAPACA","589665.70422","8174527.14784","Regular","I-P-S","Sí","Sí","Sí","No","Sí","Sí","Sí","Sí","Sí","Mañana","TARAPACA","NA","NA","1361","1361","NA","NA"
"D-1","40730045","6 DE JUNIO B","NA","NA","Regular","S","Sí","Sí","Sí","No","Sí","Sí","Sí","Sí","Sí","Noche","NA","NA","6 DE JUNIO B","274","NA","NA","274"
"D-1","40730028","SANTIAGO I","589156.079459","8172828.7045","Regular","I-P-S","Sí","Sí","Sí","No","Sí","Sí","Sí","Sí","Sí","Mañana","SANTIAGO I","NA","NA","748","748","NA","NA"
"D-1","40730029","BRASILIA TARDE","589676.9062","8173503.97198","Regular","I-P-S","Sí","Sí","Sí","No","Sí","Sí","Sí","Sí","Sí","Tarde","NA","BRASILIA TARDE","NA","322","NA","322","NA"
"D-1","40730030","BRASILIA MAÑANA","589676.9062","8173503.97198","Regular","I-P","Sí","Sí","Sí","No","Sí","Sí","Sí","Sí","Sí","Mañana","BRASILIA MAÑANA","NA","NA","364","364","NA","NA"
"D-1","40730031","BRASILIA NOCHE","589676.9062","8173503.97198","Regular","P-S","Sí","Sí","Sí","No","Sí","Sí","Sí","Sí","Sí","Noche","NA","NA","BRASILIA NOCHE","200","NA","NA","200"
"D-1","40730048","TEJADA TRIANGULAR","589622.641411","8172897.89904","Regular","I-P-S","Sí","Sí","Sí","No","Sí","Sí","Sí","Sí","Sí","Mañana","TEJADA TRIANGULAR","NA","NA","559","559","NA","NA"
"D-1","40730049","VICENTE TEJADA MAÑANA","590137.360021","8173431.88431","NA","I-P","Sí","Sí","Sí","No","Sí","Sí","No","No","Sí","Mañana","VICENTE TEJADA MAÑANA","NA","NA","486","486","NA","NA"
"D-1","40730050","VICENTE TEJADA TARDE","590137.360021","8173431.88431","Regular","S","Sí","Sí","Sí","No","Sí","Sí","Sí","Sí","Sí","Tarde","NA","VICENTE TEJADA TARDE","NA","228","NA","228","NA"
"D-1","40730051","VICENTE TEJADA NOCHE","590137.360021","8173431.88431","Regular","P-S","Sí","Sí","Sí","No","Sí","Sí","Sí","Sí","Sí","Noche","NA","NA","VICENTE TEJADA NOCHE","97","NA","NA","97"
"D-1","40730003","6 DE AGOSTO","589886.318413","8172348.68683","Regular","I-P","Sí","Sí","Sí","No","Sí","Sí","No","No","Sí","Tarde","NA","6 DE AGOSTO","NA","398","NA","398","NA"
"D-1","40730004","MODESTO OMISTE","589886.318413","8172348.68683","Regular","I-P","Sí","Sí","Sí","No","Sí","Sí","No","No","Sí","Mañana","MODESTO OMISTE","NA","NA","831","831","NA","NA"
"D-1","40730005","PILOTO BOLIVIA","590223.28367","8172606.86153","Regular","P","Sí","Sí","Sí","No","Sí","Sí","No","No","Sí","Mañana","PILOTO BOLIVIA","NA","NA","766","766","NA","NA"
"D-1","40730006","ROMULO GALLEGOS","590223.28367","8172606.86153","Regular","I-P","Sí","Sí","Sí","No","Sí","Sí","No","No","Sí","Tarde","NA","ROMULO GALLEGOS","NA","468","NA","468","NA"
"D-1","40730007","ANDRES BELLO","588891.986769","8174304.90877","Regular","S","Sí","Sí","Sí","No","Sí","Sí","Sí","Sí","Sí","Tarde","NA","ANDRES BELLO","NA","534","NA","534","NA"
"D-1","40730008","HEROES DEL PACIFICO","588891.986769","8174304.90877","Regular","S","Sí","Sí","Sí","No","Sí","Sí","Sí","Sí","Sí","Mañana","HEROES DEL PACIFICO","NA","NA","1096","1096","NA","NA"
"D-1","40730009","GRAL. ARMANDO ESCOBAR URIA MAÑANA","590623.100017","8172267.53192","Regular","I-P","Sí","Sí","Sí","No","Sí","Sí","No","No","Sí","Mañana","GRAL. ARMANDO ESCOBAR URIA MAÑANA","NA","NA","485","485","NA","NA"
"D-1","40730010","GRAL. ARMANDO ESCOBAR URIA TARDE","590623.100017","8172267.53192","Regular","S","Sí","Sí","Sí","No","Sí","Sí","Sí","Sí","Sí","Tarde","NA","GRAL. ARMANDO ESCOBAR URIA TARDE","NA","412","NA","412","NA"
"D-1","40730017","6 DE JUNIO","590333.303355","8172131.22152","Regular","I","Sí","Sí","Sí","No","Sí","Sí","Sí","Sí","Sí","Mañana","6 DE JUNIO","NA","NA","286","286","NA","NA"
"D-1","40730018","NIÑO JESUS DE PRAGA","590484.94","8172474.96","Regular","I","Sí","Sí","Sí","No","Sí","Sí","Sí","Sí","Sí","Tarde","NA","NIÑO JESUS DE PRAGA","NA","272","NA","272","NA"
"D-1","40730036","MCAL. ANDRES DE SANTA CRUZ DE ALPACOMA","590738.039173","8171794.69803","Regular","I-P-S","Sí","Sí","Sí","No","Sí","Sí","Sí","Sí","Sí","Mañana","MCAL. ANDRES DE SANTA CRUZ DE ALPACOMA","NA","NA","355","355","NA","NA"
"D-1","40730011","GUIDO VILLAGOMEZ LOMA","590682.584745","8173089.221","Regular","I-P-S","Sí","Sí","Sí","No","Sí","Sí","Sí","Sí","Sí","Tarde","NA","GUIDO VILLAGOMEZ LOMA","NA","748","NA","748","NA"
"D-1","40730013","VICENTE DONOSO TORRES A","590682.584745","8173089.221","Regular","I-P","Sí","Sí","Sí","No","Sí","Sí","Sí","Sí","Sí","Mañana","VICENTE DONOSO TORRES A","NA","NA","760","760","NA","NA"
"D-1","40730014","VICENTE DONOSO TORREZ B","590682.584745","8173089.221","Regular","S","Sí","Sí","Sí","No","Sí","Sí","Sí","Sí","Sí","Mañana","VICENTE DONOSO TORREZ B","NA","NA","622","622","NA","NA"
"D-1","40730015","COLORADOS DE BOLIVIA","590299.310403","8173285.11678","Regular","I-P","Sí","Sí","Sí","No","Sí","Sí","No","No","Sí","Mañana","COLORADOS DE BOLIVIA","NA","NA","982","982","NA","NA"
"D-1","40730016","EUFRASIO IBAÑEZ RIVERO","590299.310403","8173285.11678","Regular","S","Sí","Sí","Sí","No","Sí","Sí","Sí","Sí","Sí","Tarde","NA","EUFRASIO IBAÑEZ RIVERO","NA","673","NA","673","NA"
"D-1","40730019","PUERTO DE MEJILLONES CIUDAD SATELITE","590457.950898","8172586.01565","Regular","S","Sí","Sí","Sí","No","Sí","Sí","Sí","Sí","Sí","Mañana","PUERTO DE MEJILLONES CIUDAD SATELITE","NA","NA","1010","1010","NA","NA"
"D-1","40730023","BOLIVIA MAÑANA","588320.027524","8170982.53802","Regular","S","Sí","Sí","Sí","No","Sí","Sí","Sí","Sí","Sí","Mañana","BOLIVIA MAÑANA","NA","NA","457","457","NA","NA"
"D-1","40730024","BOLIVIA TARDE","588320.027524","8170982.53802","Regular","I-P","Sí","Sí","Sí","No","Sí","Sí","No","No","Sí","Tarde","NA","BOLIVIA TARDE","NA","545","NA","545","NA"
"D-1","40730025","ROTARY CHUQUIAGO MARKA","588845.208847","8171571.13929","Regular","I-P","Sí","Sí","Sí","No","Sí","Sí","No","No","Sí","Mañana","ROTARY CHUQUIAGO MARKA","NA","NA","1036","1036","NA","NA"
"D-1","40730026","ROTARY CHUQUIAGO MARKA TARDE","588845.208847","8171571.13929","Regular","S","Sí","Sí","Sí","No","Sí","Sí","Sí","Sí","Sí","Tarde","NA","ROTARY CHUQUIAGO MARKA TARDE","NA","691","NA","691","NA"
"D-1","40730027","JUAN PABLO II DON BOSCO","589457.83","8170990.45","Bueno","I-P-S","Sí","Sí","Sí","No","Sí","Sí","Sí","Sí","Sí","Mañana","JUAN PABLO II DON BOSCO","NA","NA","830","830","NA","NA"
"D-1","40730046","LIBERTAD EN LAS AMERICAS MAÑANA","590015.036598","8171815.84246","Regular","I-P-S","Sí","Sí","Sí","Sí","Sí","Sí","Sí","Sí","Sí","Mañana","LIBERTAD EN LAS AMERICAS MAÑANA","NA","NA","892","892","NA","NA"
"D-1","40730047","LIBERTAD EN LAS AMERICAS TARDE","590015.036598","8171815.84246","Regular","I-P-S","Sí","Sí","Sí","No","Sí","Sí","Sí","Sí","Sí","Tarde","NA","LIBERTAD EN LAS AMERICAS TARDE","NA","329","NA","329","NA"
"D-1","40730415","REINO DE BELGICA","588721.133414","8170834.54783","Regular","I-P-S","Sí","Sí","Sí","No","Sí","Sí","Sí","Sí","Sí","Mañana","REINO DE BELGICA","NA","NA","758","758","NA","NA"
"D-1","40730434","SAN ANDRES","589981.3","8171628.13","Regular","I-P-S","Sí","Sí","Sí","No","Sí","Sí","Sí","Sí","Sí","Mañana","SAN ANDRES","NA","NA","289","289","NA","NA"
"D-2","40730062","EDUARDO ABAROA MAÑANA","587091.896114","8172304.76395","Regular","I-P","Sí","Sí","Sí","No","Sí","Sí","No","Sí","Sí","Mañana","EDUARDO ABAROA MAÑANA","NA","NA","599","599","NA","NA"
"D-2","40730063","EDUARDO ABAROA TARDE","587091.896114","8172304.76395","Regular","S","Sí","Sí","Sí","No","Sí","Sí","No","Sí","Sí","Tarde","NA","EDUARDO ABAROA TARDE","NA","489","NA","489","NA"
"D-2","40730064","UNION EUROPEA A","587550.048239","8171128.51982","Regular","I-P","Sí","Sí","Sí","No","Sí","Sí","No","Sí","Sí","Mañana","UNION EUROPEA A","NA","NA","1226","1226","NA","NA"
"D-2","40730065","UNION EUROPEA B","587550.048239","8171128.51982","Regular","S","Sí","Sí","Sí","No","Sí","Sí","No","Sí","Sí","Tarde","NA","UNION EUROPEA B","NA","853","NA","853","NA"
"D-2","40730066","LIBERTADOR SIMON BOLIVAR","588213.5767","8172984.1576","Regular","I-P","Sí","Sí","Sí","No","Sí","Sí","No","Sí","Sí","Mañana","LIBERTADOR SIMON BOLIVAR","NA","NA","1269","1269","NA","NA"
"D-2","40730067","SIMON BOLIVAR TARDE","588213.5767","8172984.1576","Regular","S","Sí","Sí","Sí","No","Sí","Sí","No","Sí","Sí","Tarde","NA","SIMON BOLIVAR TARDE","NA","865","NA","865","NA"
"D-2","40730069","VILLA EL CARMEN MAÑANA","587391.833674","8171974.82819","Regular","I-P","Sí","Sí","Sí","No","Sí","Sí","No","Sí","Sí","Mañana","VILLA EL CARMEN MAÑANA","NA","NA","447","447","NA","NA"
"D-2","40730070","VILLA EL CARMEN TARDE","587391.833674","8171974.82819","Regular","S","Sí","Sí","Sí","No","Sí","Sí","No","Sí","Sí","Tarde","NA","VILLA EL CARMEN TARDE","NA","250","NA","250","NA"
"D-2","40730071","UNION BOLIVARIANA","586848.80518","8171523.97286","Regular","I-P-S","Sí","Sí","Sí","No","Sí","Sí","No","Sí","Sí","Mañana","UNION BOLIVARIANA","NA","NA","897","897","NA","NA"
"D-2","40730068","BOLIVAR MUNICIPAL","586554.816334","8171448.49583","Regular","I-P-S","Sí","Sí","Sí","No","Sí","Sí","No","Sí","Sí","Mañana","BOLIVAR MUNICIPAL","NA","NA","1013","1013","NA","NA"
"D-2","40730072","PUERTO DE ROSARIO TARDE","586286.737014","8170741.07888","Regular","I-P","Sí","Sí","Sí","No","Sí","Sí","Sí","Sí","Sí","Tarde","NA","PUERTO DE ROSARIO TARDE","NA","1185","NA","1185","NA"
"D-2","40730073","PUERTO DE ROSARIO MAÑANA","586286.737014","8170741.07888","Regular","S","Sí","Sí","Sí","No","Sí","Sí","Sí","Sí","Sí","Mañana","PUERTO DE ROSARIO MAÑANA","NA","NA","976","976","NA","NA"
"D-2","40730370","PUERTO DE ROSARIO NOCHE","586286.737014","8170741.07888","Regular","S","Sí","Sí","Sí","No","Sí","Sí","No","No","No","Noche","NA","NA","PUERTO DE ROSARIO NOCHE","92","NA","NA","92"
"D-2","40730074","HORIZONTES A","586980.423722","8171059.66783","Regular","I-P","Sí","Sí","Sí","No","Sí","Sí","No","Sí","Sí","Tarde","NA","HORIZONTES A","NA","545","NA","545","NA"
"D-2","40730567","HORIZONTES B","586980.423722","8171059.66783","Regular","S","Sí","Sí","Sí","No","Sí","Sí","No","Sí","Sí","Mañana","HORIZONTES B","NA","NA","478","478","NA","NA"
"D-2","40730075","VILLA VICTORIA A","587401.322244","8170627.00458","Regular","I-P","Sí","Sí","Sí","No","Sí","Sí","No","No","Sí","Mañana","VILLA VICTORIA A","NA","NA","642","642","NA","NA"
"D-2","40730560","VILLA VICTORIA B","587401.322244","8170627.00458","Regular","S","Sí","Sí","Sí","No","Sí","Sí","No","No","Sí","Tarde","NA","VILLA VICTORIA B","NA","356","NA","356","NA"
"D-2","40730363","DR. ANICETO ARCE A","588025.719153","8172610.11107","Regular","I-P","Sí","Sí","Sí","No","Sí","Sí","No","Sí","Sí","Mañana","DR. ANICETO ARCE A","NA","NA","471","471","NA","NA"
"D-2","40730592","DR. ANICETO ARCE B","588025.719153","8172610.11107","Regular","S","Sí","Sí","Sí","No","Sí","Sí","No","Sí","Sí","Tarde","NA","DR. ANICETO ARCE B","NA","297","NA","297","NA"
"D-2","40730034","JOSE MANUEL PANDO MAÑANA","587052.490349","8168263.73868","Regular","I-P","Sí","Sí","Sí","No","Sí","Sí","No","Sí","Sí","Mañana","JOSE MANUEL PANDO MAÑANA","NA","NA","469","469","NA","NA"
"D-2","40730550","JOSE MANUEL PANDO TARDE","587052.490349","8168263.73868","Regular","S","Sí","Sí","Sí","No","Sí","Sí","No","Sí","Sí","Tarde","NA","JOSE MANUEL PANDO TARDE","NA","368","NA","368","NA"
"D-2","40730060","REPUBLICA DE FRANCIA MAÑANA","585830.470183","8170062.41127","Regular","I-P","Sí","Sí","Sí","No","Sí","Sí","Sí","Sí","Sí","Mañana","REPUBLICA DE FRANCIA MAÑANA","NA","NA","1148","1148","NA","NA"
"D-2","40730061","REPUBLICA DE FRANCIA TARDE","585830.470183","8170062.41127","Regular","S","Sí","Sí","Sí","No","Sí","Sí","Sí","Sí","Sí","Tarde","NA","REPUBLICA DE FRANCIA TARDE","NA","968","NA","968","NA"
"D-2","40730082","SENKATA CONVIFACG MAÑANA","586056.521719","8168383.07346","Regular","I-P","Sí","Sí","Sí","No","Sí","Sí","No","No","Sí","Mañana","SENKATA CONVIFACG MAÑANA","NA","NA","741","741","NA","NA"
"D-2","40730083","SENKATA CONVIFACG TARDE","586056.521719","8168383.07346","Regular","S","Sí","Sí","Sí","No","Sí","Sí","No","No","Sí","Tarde","NA","SENKATA CONVIFACG TARDE","NA","620","NA","620","NA"
"D-2","40730669","6 DE JUNIO C TARDE","584572.754193","8169464.28837","Regular","I-P","Sí","Sí","Sí","No","Sí","Sí","No","No","Sí","Tarde","NA","6 DE JUNIO C TARDE","NA","596","NA","596","NA"
"D-2","40730085","6 DE JUNIO C MAÑANA","584572.754193","8169464.28837","Regular","S","Sí","Sí","Sí","No","Sí","Sí","No","No","Sí","Mañana","6 DE JUNIO C MAÑANA","NA","NA","485","485","NA","NA"
"D-2","40730091","GRAN PODER A","586000.248055","8169084.86443","Regular","I-P","Sí","Sí","Sí","No","Sí","Sí","Sí","Sí","Sí","Tarde","NA","GRAN PODER A","NA","440","NA","440","NA"
"D-2","40730620","GRAN PODER B","586000.248055","8169084.86443","Regular","S","Sí","Sí","Sí","No","Sí","Sí","Sí","Sí","Sí","Mañana","GRAN PODER B","NA","NA","355","355","NA","NA"
"D-2","40730255","LAS DELICIAS A","585606.142047","8169641.44543","Regular","I-P","Sí","Sí","Sí","No","Sí","Sí","Sí","Sí","Sí","Mañana","LAS DELICIAS A","NA","NA","650","650","NA","NA"
"D-2","40730563","LAS DELICIAS B","585606.142047","8169641.44543","Regular","S","Sí","Sí","Sí","No","Sí","Sí","Sí","Sí","Sí","Tarde","NA","LAS DELICIAS B","NA","484","NA","484","NA"
"D-2","40730479","ASCINALSS","585566.298817","8168024.82356","Regular","I-P-S","Sí","Sí","Sí","No","Sí","Sí","Sí","No","Sí","Mañana","ASCINALSS","NA","NA","635","635","NA","NA"
"D-2","40730372","ANTAWARA SUECIA","585831.399868","8169380.21357","Regular","I-P","Sí","Sí","Sí","No","Sí","Sí","Sí","No","Sí","Mañana","ANTAWARA SUECIA","NA","NA","468","468","NA","NA"
"D-2","40730521","REPUBLICA DE CHILE","585831.399868","8169380.21357","Regular","S","Sí","Sí","Sí","No","Sí","Sí","Sí","No","Sí","Tarde","NA","REPUBLICA DE CHILE","NA","359","NA","359","NA"
"D-2","40730609","PILOTO INTERVIDA DE FE Y ALEGRIA","587785.1007","8170464.1457","Regular","I-P-S","Sí","Sí","Sí","No","Sí","Sí","No","Sí","Sí","Mañana","PILOTO INTERVIDA DE FE Y ALEGRIA","NA","NA","645","645","NA","NA"
"D-3","40730084","NOEL KEMPF MERCADO","587146.255749","8172899.871","Regular","I-P-S","Sí","Sí","Sí","Sí","Sí","Sí","No","No","No","Mañana","NOEL KEMPF MERCADO","NA","NA","496","496","NA","NA"
"D-3","40730100","LUIS ESPINAL CAMPS AEROPUERTO MAÑANA","585571.875758","8173615.46742","Regular","S","Sí","Sí","Sí","No","Sí","Sí","No","No","No","Mañana","LUIS ESPINAL CAMPS AEROPUERTO TARDE","NA","NA","430","430","NA","NA"
"D-3","40730101","LUIS ESPINAL CAMPS AEROPUERTO TARDE","585571.875758","8173615.46742","Regular","I-P","Sí","Sí","Sí","No","Sí","Sí","No","No","No","Tarde","NA","LUIS ESPINAL CAMPS AEROPUERTO TARDE","NA","482","NA","482","NA"
"D-3","40730112","SAN PEDRO DE CHARAPAQUI","586975.756794","8173603.57768","Regular","I-P-S","Sí","Sí","Sí","No","Sí","Sí","No","No","No","Mañana","SAN PEDRO DE CHARAPAQUI","NA","NA","361","361","NA","NA"
"D-3","40730124","ALTO DE LA ALIANZA MAÑANA","586525.393243","8173124.7078","Regular","S","Sí","Sí","Sí","No","Sí","Sí","No","No","No","Mañana","ALTO DE LA ALIANZA MAÑANA","NA","NA","463","463","NA","NA"
"D-3","40730125","ALTO DE LA ALIANZA TARDE","586525.393243","8173124.7078","Regular","I-P","Sí","Sí","Sí","No","Sí","Sí","No","No","No","Tarde","NA","ALTO DE LA ALIANZA TARDE","NA","465","NA","465","NA"
"D-3","40730126","MARCELO QUIROGA SANTA CRUZ MAÑANA","587686.327231","8173470.60549","Regular","I-P","Sí","Sí","Sí","No","Sí","Sí","No","No","No","Mañana","MARCELO QUIROGA SANTA CRUZ MAÑANA","NA","NA","345","345","NA","NA"
"D-3","40730127","MARCELO QUIROGA SANTA CRUZ TARDE","587686.327231","8173470.60549","Regular","S","Sí","Sí","Sí","No","Sí","Sí","No","No","No","Tarde","NA","MARCELO QUIROGA SANTA CRUZ TARDE","NA","241","NA","241","NA"
"D-3","40730129","SAN JUAN MAÑANA","585662.311909","8173186.57279","Regular","I-P","Sí","Sí","Sí","No","No","No","No","No","No","Mañana","SAN JUAN MAÑANA","NA","NA","552","552","NA","NA"
"D-3","40730130","SAN JUAN TARDE","585662.311909","8173186.57279","Regular","S","Sí","Sí","Sí","No","No","No","No","No","No","Tarde","NA","SAN JUAN TARDE","NA","295","NA","295","NA"
"D-3","40730138","PACAJES ACHIRI","585907.87095","8173301.63842","Regular","I-P-S","Sí","Sí","Sí","Sí","Sí","Sí","No","Sí","No","Mañana","PACAJES ACHIRI","NA","NA","272","272","NA","NA"
"D-3","40730262","LA PRIMERA FE Y ALEGRIA","587304.797166","8173469.44299","Regular","I-P-S","Sí","Sí","Sí","No","Sí","Sí","No","Sí","No","Mañana","LA PRIMERA FE Y ALEGRIA","NA","NA","909","909","NA","NA"
"D-3","40730111","SAN LUIS DE GONZAGA A","585810.967441","8172416.87821","Regular","I-P-S","Sí","Sí","Sí","No","Sí","Sí","No","Sí","No","Mañana","SAN LUIS DE GONZAGA A","NA","NA","378","378","NA","NA"
"D-3","40730113","LA PAZ MAÑANA","585398.808655","8172352.44369","Bueno","I-P","Sí","Sí","Sí","No","No","No","No","Sí","Sí","Mañana","LA PAZ MAÑANA","NA","NA","650","650","NA","NA"
"D-3","40730114","LA PAZ TARDE","585398.808655","8172352.44369","Bueno","S","Sí","Sí","Sí","Sí","Sí","Sí","No","Sí","Sí","Tarde","NA","LA PAZ TARDE","NA","457","NA","457","NA"
"D-3","40730131","CARLOS PALENQUE AVILÉS DOLORES F","586692.677557","8172649.77639","Regular","I-P","Sí","Sí","Sí","Sí","Sí","Sí","No","No","No","Mañana","CARLOS PALENQUE AVILÉS DOLORES F","NA","NA","584","584","NA","NA"
"D-3","40730132","TCNL. RAFAEL PABON","586692.677557","8172649.77639","Regular","S","Sí","Sí","Sí","No","No","No","No","No","No","Tarde","NA","TCNL. RAFAEL PABON","NA","332","NA","332","NA"
"D-3","40730133","ADELA ZAMUDIO B","586124.303599","8172582.14332","Regular","I-P","Sí","Sí","Sí","No","Sí","Sí","No","No","No","Tarde","NA","ADELA ZAMUDIO B","NA","405","NA","405","NA"
"D-3","40730562","ADELA ZAMUDIO A","586124.303599","8172582.14332","Regular","S","Sí","Sí","Sí","Sí","Sí","Sí","No","No","No","Mañana","ADELA ZAMUDIO A","NA","NA","380","380","NA","NA"
"D-3","40730137","REPUBLICA DE CUBA","586731.213153","8172439.67249","Regular","I-P","Sí","Sí","Sí","No","Sí","Sí","No","Sí","No","Tarde","NA","REPUBLICA DE CUBA","NA","282","NA","282","NA"
"D-3","40730314","REPUBLICA DE CUBA PACAJES","586731.213153","8172439.67249","Regular","S","Sí","Sí","Sí","No","Sí","Sí","No","No","No","Mañana","REPUBLICA DE CUBA PACAJES","NA","NA","223","223","NA","NA"
"D-3","40730139","CALAMA MAÑANA","586127.583815","8172137.07756","Regular","I-P","Sí","Sí","Sí","No","Sí","Sí","No","No","No","Mañana","CALAMA MAÑANA","NA","NA","1000","1000","NA","NA"
"D-3","40730140","CALAMA TARDE","586127.583815","8172137.07756","Regular","S","Sí","Sí","Sí","No","Sí","Sí","No","No","No","Tarde","NA","CALAMA TARDE","NA","766","NA","766","NA"
"D-3","40730102","JESUS OBRERO MAÑANA","585317.481385","8171924.30778","Regular","S","Sí","Sí","Sí","No","Sí","Sí","No","Sí","No","Mañana","JESUS OBRERO MAÑANA","NA","NA","1209","1209","NA","NA"
"D-3","40730103","JESUS OBRERO TARDE","585317.481385","8171924.30778","Regular","I-P","Sí","Sí","Sí","No","Sí","Sí","No","No","Sí","Tarde","NA","JESUS OBRERO TARDE","NA","787","NA","787","NA"
"D-3","40730365","SAN JERONIMO NOCHE","585317.481385","8171924.30778","Regular","S","Sí","Sí","Sí","No","Sí","Sí","No","No","No","Noche","NA","NA","SAN JERONIMO NOCHE","174","NA","NA","174"
"D-3","40730104","1RO. DE MAYO MAÑANA","585340.188467","8171522.55851","Bueno","I-P","Sí","Sí","Sí","No","Sí","Sí","No","Sí","Sí","Mañana","1RO. DE MAYO MAÑANA","NA","NA","856","856","NA","NA"
"D-3","40730105","1RO. DE MAYO TARDE","585340.188467","8171522.55851","Bueno","S","Sí","Sí","Sí","No","Sí","Sí","No","Sí","Sí","Tarde","NA","1RO. DE MAYO TARDE","NA","731","NA","731","NA"
"D-3","40730338","AYACUCHO TARDE","584371.065604","8172032.36949","Regular","S","Sí","Sí","Sí","No","Sí","Sí","No","No","No","Tarde","NA","AYACUCHO TARDE","NA","359","NA","359","NA"
"D-3","40730108","AYACUCHO MAÑANA","584371.065604","8172032.36949","Regular","I-P","Sí","Sí","Sí","No","Sí","Sí","No","No","No","Mañana","AYACUCHO MAÑANA","NA","NA","648","648","NA","NA"
"D-3","40730135","JULIAN APAZA MAÑANA","585392.143015","8171969.16934","Regular","I-P","Sí","Sí","Sí","No","Sí","Sí","No","No","No","Mañana","JULIAN APAZA MAÑANA","NA","NA","411","411","NA","NA"
"D-3","40730136","JULIAN APAZA TARDE","585392.143015","8171969.16934","Regular","S","Sí","Sí","Sí","No","Sí","Sí","No","No","No","Tarde","NA","JULIAN APAZA TARDE","NA","337","NA","337","NA"
"D-3","40730535","JESUS OBRERO VILLA ESTHER","585317.481385","8171924.30778","Regular","I-P","Sí","Sí","Sí","No","Sí","Sí","No","No","No","Mañana","JESUS OBRERO VILLA ESTHER","NA","NA","786","786","NA","NA"
"D-3","40730147","PRIMAVERA A","585927.123705","8171479.28549","Regular","I-P","Sí","Sí","Sí","No","Sí","Sí","No","No","No","Mañana","PRIMAVERA A","NA","NA","487","487","NA","NA"
"D-3","40730590","PRIMAVERA B","585927.123705","8171479.28549","Regular","S","Sí","Sí","Sí","No","Sí","Sí","No","No","No","Tarde","NA","PRIMAVERA B","NA","272","NA","272","NA"
"D-3","40730115","AMIG CHACO","584949.726826","8172920.01122","Regular","I-P-S","Sí","Sí","Sí","No","Sí","Sí","No","No","No","Mañana","AMIG CHACO","NA","NA","418","418","NA","NA"
"D-3","40730116","MARTIN CARDENAS HERMOSA B","584434.467417","8173046.49419","Regular","S","Sí","Sí","Sí","Sí","Sí","Sí","No","Sí","Sí","Tarde","NA","MARTIN CARDENAS HERMOSA B","NA","1108","NA","1108","NA"
"D-3","40730117","MARTIN CARDENAS HERMOSA C","584434.467417","8173046.49419","Regular","P","Sí","Sí","Sí","Sí","Sí","Sí","No","Sí","No","Mañana","MARTIN CARDENAS HERMOSA C","NA","NA","1035","1035","NA","NA"
"D-3","40730118","MARTIN CARDENAS HERMOSA A","584434.467417","8173046.49419","Regular","I","Sí","Sí","Sí","No","Sí","Sí","No","No","No","Tarde","NA","MARTIN CARDENAS HERMOSA A","NA","273","NA","273","NA"
"D-3","40730119","MARTIN CARDENAS HERMOSA D","584434.467417","8173046.49419","Regular","S","Sí","Sí","Sí","No","Sí","Sí","No","No","No","Noche","NA","NA","MARTIN CARDENAS HERMOSA D","225","NA","NA","225"
"D-3","40730120","CUERPO DE CRISTO FE Y ALEGRIA A","583510.985875","8173264.14811","Regular","I-P","Sí","Sí","Sí","No","Sí","Sí","No","No","No","Mañana","CUERPO DE CRISTO FE Y ALEGRIA A","NA","NA","737","737","NA","NA"
"D-3","40730614","CUERPO DE CRISTO FE Y ALEGRIA B","583510.985875","8173264.14811","Regular","S","Sí","Sí","Sí","No","Sí","Sí","No","No","No","Tarde","NA","CUERPO DE CRISTO FE Y ALEGRIA B","NA","557","557","NA","NA"
"D-3","40730123","VILLA ALEMANIA","584644.673533","8173745.56434","Regular","I-P-S","Sí","Sí","Sí","No","No","No","No","No","No","Mañana","VILLA ALEMANIA","NA","NA","1286","1286","NA","NA"
"D-3","40730466","BOLIVIANO ALEMAN BICHITO DE LUZ","585312.361718","8173161.75624","Regular","I","Sí","Sí","Sí","No","Sí","Sí","No","No","No","Mañana","BOLIVIANO ALEMAN BICHITO DE LUZ","NA","NA","179","179","NA","NA"
"D-3","40730467","BOLIVIANO ALEMÁN 16 DE FEBRERO","585312.361718","8173161.75624","Regular","P-S","Sí","Sí","Sí","No","Sí","Sí","No","No","No","Mañana","BOLIVIANO ALEMÁN 16 DE FEBRERO","NA","NA","826","826","NA","NA"
"D-3","40730394","VILLA ADELA YUNGUYO","583606.952245","8173746.45238","Regular","I-P-S","Sí","Sí","Sí","No","Sí","Sí","No","Sí","No","Mañana","VILLA ADELA YUNGUYO","NA","NA","767","767","NA","NA"
"D-3","40730428","EL PARAISO A","583737.882868","8172875.7922","Bueno","I-P","Sí","Sí","Sí","No","Sí","Sí","No","Sí","No","Mañana","EL PARAISO A","NA","NA","661","661","NA","NA"
"D-3","40730559","EL PARAISO B","583737.882868","8172875.7922","Regular","S","Sí","Sí","Sí","No","Sí","Sí","No","Sí","No","Tarde","NA","EL PARAISO B","NA","518","NA","518","NA"
"D-3","40730432","CANDELARIA","584175.528552","8172275.85169","Regular","I-P-S","Sí","Sí","Sí","No","Sí","Sí","No","No","No","Mañana","CANDELARIA","NA","NA","606","606","NA","NA"
"D-3","40730444","JESUS DE BELEN","583140.4251","8173471.93142","Regular","I-P-S","Sí","Sí","Sí","No","No","No","Sí","No","Sí","Mañana","JESUS DE BELEN","NA","NA","423","423","NA","NA"
"D-3","40730092","AMOR DE DIOS","584518.213775","8171231.17765","Regular","I-P-S","Sí","Sí","Sí","No","Sí","Sí","No","No","No","Mañana","AMOR DE DIOS","NA","NA","1212","1212","NA","NA"
"D-3","40730106","ILLIMANI MAÑANA","584445.881669","8170811.92714","Regular","I-P","Sí","Sí","Sí","No","Sí","Sí","No","No","No","Mañana","ILLIMANI MAÑANA","NA","NA","1040","1040","NA","NA"
"D-3","40730107","ILLIMANI TARDE","584445.881669","8170811.92714","Regular","S","Sí","Sí","Sí","No","Sí","Sí","No","Sí","No","Tarde","NA","ILLIMANI TARDE","NA","804","NA","804","NA"
"D-3","40730109","SAN LUIS MAÑANA","585265.171626","8171043.15946","Regular","I-P","Sí","Sí","Sí","No","Sí","Sí","No","No","No","Mañana","SAN LUIS MAÑANA","NA","NA","641","641","NA","NA"
"D-3","40730110","SAN LUIS TARDE","585265.171626","8171043.15946","Regular","S","Sí","Sí","Sí","No","Sí","Sí","No","No","No","Tarde","NA","SAN LUIS TARDE","NA","468","NA","468","NA"
"D-3","40730128","HOLANDA MAÑANA","583880.413147","8170768.60048","Regular","I-P","Sí","Sí","Sí","No","Sí","Sí","No","No","No","Mañana","HOLANDA MAÑANA","NA","NA","610","610","NA","NA"
"D-3","40730529","HOLANDA TARDE","583880.413147","8170768.60048","Regular","S","Sí","Sí","Sí","No","Sí","Sí","No","No","No","Tarde","NA","HOLANDA TARDE","NA","431","NA","431","NA"
"D-3","40730141","GRAL. JUAN JOSE TORREZ GONZALES","588627.283083","8178793.67534","Regular","I-P-S","Sí","Sí","Sí","No","Sí","Sí","No","No","No","Mañana","GRAL. JUAN JOSE TORREZ GONZALES","NA","NA","702","702","NA","NA"
"D-3","40730259","VILLA SAJAMA A","583623.785978","8170258.67896","Regular","I-P","Sí","Sí","Sí","No","Sí","Sí","No","No","No","Mañana","VILLA SAJAMA A","NA","NA","669","669","NA","NA"
"D-3","40730538","VILLA SAJAMA B","583623.785978","8170258.67896","Regular","S","Sí","Sí","Sí","No","Sí","Sí","No","No","No","Tarde","NA","VILLA SAJAMA B","NA","462","NA","462","NA"
"D-3","40730273","7 DE SEPTIEMBRE","584935.908351","8170476.3977","Regular","I-P-S","Sí","Sí","Sí","Sí","Sí","Sí","No","No","No","Mañana","7 DE SEPTIEMBRE","NA","NA","751","751","NA","NA"
"D-3","40730420","LAS ROSAS","582718.064323","8171120.62076","Regular","I-P-S","Sí","Sí","Sí","No","Sí","Sí","No","Sí","No","Mañana","LAS ROSAS","NA","NA","461","NA","461","NA"
"D-3","40730421","NATIVIDAD A","583278.502052","8171215.69493","Regular","I-P","Sí","Sí","Sí","Sí","No","No","No","Sí","No","Tarde","NA","NATIVIDAD A","NA","423","NA","423","NA"
"D-3","40730618","NATIVIDAD B","583278.502052","8171215.69493","Regular","S","Sí","Sí","Sí","Sí","Sí","Sí","No","No","No","Mañana","NATIVIDAD B","NA","NA","313","313","NA","NA"
"D-3","40730301","3 DE MAYO A","583974.631078","8170354.27086","Regular","I-P","Sí","Sí","Sí","No","Sí","Sí","No","No","No","Mañana","3 DE MAYO A","NA","NA","662","NA","662","NA"
"D-3","40730552","3 DE MAYO B","583974.631078","8170354.27086","Regular","S","Sí","Sí","Sí","No","No","No","No","Sí","No","Tarde","NA","3 DE MAYO B","NA","485","485","NA","NA"
"D-3","40730094","LUIS ESPINAL DE COLLPANI","589034.652467","8177849.73856","Regular","I-P","Sí","Sí","Sí","No","Sí","Sí","No","No","No","Mañana","LUIS ESPINAL DE COLLPANI","NA","NA","832","832","NA","NA"
"D-3","40730095","LUIS ESPINAL TARDE DE COLLPANI","589034.652467","8177849.73856","Regular","S","Sí","Sí","Sí","No","Sí","Sí","No","No","No","Mañana","LUIS ESPINAL TARDE DE COLLPANI","NA","NA","797","797","NA","NA"
"D-3","40730097","JUAN PABLO II A","581985.020812","8172043.34003","Regular","I-P","Sí","Sí","Sí","Sí","No","No","No","No","No","Tarde","NA","JUAN PABLO II A","NA","562","NA","562","NA"
"D-3","40730543","JUAN PABLO II B","581985.020812","8172043.34003","Regular","S","Sí","Sí","Sí","Sí","Sí","Sí","No","No","No","Mañana","JUAN PABLO II B","NA","NA","441","441","NA","NA"
"D-3","40730098","NESTOR PAZ ZAMORA TARDE","581880.283751","8170819.57772","Regular","I-P","Sí","Sí","Sí","No","Sí","Sí","No","Sí","No","Tarde","NA","NESTOR PAZ ZAMORA TARDE","NA","708","NA","708","NA"
"D-3","40730099","NESTOR PAZ ZAMORA MAÑANA","581880.283751","8170819.57772","Regular","S","Sí","Sí","Sí","Sí","Sí","Sí","No","No","No","Mañana","NESTOR PAZ ZAMORA MAÑANA","NA","NA","652","652","NA","NA"
"D-3","40730121","COSMOS 79 MAÑANA","583550.725651","8172113.49364","Regular","S","Sí","Sí","Sí","No","Sí","Sí","No","No","No","Mañana","COSMOS 79 MAÑANA","NA","NA","676","676","NA","NA"
"D-3","40730122","COSMOS 79 TARDE","583550.725651","8172113.49364","Regular","I-P","Sí","Sí","Sí","No","Sí","Sí","No","Sí","No","Tarde","NA","COSMOS 79 TARDE","NA","791","NA","791","NA"
"D-3","40730134","6 DE JUNIO DE COSMOS 79","582844.795888","8171703.94782","Regular","I-P-S","Sí","Sí","Sí","No","Sí","Sí","No","Sí","No","Mañana","6 DE JUNIO DE COSMOS 79","6 DE JUNIO DE COSMOS 79","NA","427","427","371","NA"
"D-3","40730260","FERNANDO BRAVO FE Y ALEGRIA","581724.750053","8171176.77231","Regular","I-P-S","Sí","Sí","Sí","No","Sí","Sí","No","No","No","Mañana","FERNANDO BRAVO FE Y ALEGRIA","NA","NA","1150","1150","NA","NA"
"D-3","40730419","MARCELINA","583711.378631","8171729.66669","Bueno","I-P-S","Sí","Sí","Sí","No","Sí","Sí","No","No","Sí","Mañana","MARCELINA","NA","NA","638","638","NA","NA"
"D-3","40730458","HNA. MARIA TERESA LAJUSTICIA","582625.237951","8172170.1945","Regular","I-P-S","Sí","Sí","Sí","Sí","Sí","Sí","No","No","No","Mañana","HNA. MARIA TERESA LAJUSTICIA","NA","NA","797","797","NA","NA"
"D-3","40730518","PABLO NERUDA","581878.207539","8172435.94148","Bueno","I-P-S","Sí","Sí","Sí","No","Sí","Sí","No","No","No","Mañana","PABLO NERUDA","NA","NA","534","534","NA","NA"
"D-4","40730149","JUAN CARLOS FLORES BEDREGAL MAÑANA","583311.633348","8175426.59875","Regular","I-P","Sí","Sí","Sí","No","Sí","Sí","Sí","Sí","No","Mañana","JUAN CARLOS FLORES BEDREGAL MAÑANA","NA","NA","1044","1044","NA","NA"
"D-4","40730150","JUAN CARLOS FLORES BEDREGAL","583311.633348","8175426.59875","Regular","S","Sí","Sí","Sí","No","Sí","Sí","Sí","Sí","No","Mañana","JUAN CARLOS FLORES BEDREGAL","NA","NA","810","810","NA","NA"
"D-4","40730164","BRASIL MAÑANA","584353.434241","8176588.69681","Regular","I-P","Sí","Sí","Sí","No","Sí","Sí","Sí","No","Sí","Mañana","BRASIL MAÑANA","NA","NA","1108","1108","NA","NA"
"D-4","40730165","BRASIL TARDE","584353.434241","8176588.69681","Regular","S","Sí","Sí","Sí","No","Sí","Sí","Sí","No","Sí","Tarde","NA","BRASIL TARDE","NA","810","NA","810","NA"
"D-4","40730157","WALTER ALPIRE DURAN A","583951.05393","8176109.24847","Malo","I-P","Sí","Sí","Sí","No","Sí","Sí","Sí","Sí","Sí","Mañana","WALTER ALPIRE DURAN A","NA","NA","1130","1130","NA","NA"
"D-4","40730156","ROBERTO ALVARADO DAZA A","583951.05393","8176109.24847","Malo","I-P","Sí","Sí","Sí","No","Sí","Sí","Sí","No","Sí","Tarde","NA","ROBERTO ALVARADO DAZA A","NA","563","NA","563","NA"
"D-4","40730155","ROBERTO ALVARADO DAZA B","583951.05393","8176109.24847","Malo","S","Sí","Sí","Sí","No","Sí","Sí","Sí","No","Sí","Tarde","NA","ROBERTO ALVARADO DAZA B","NA","397","NA","397","NA"
"D-4","40730154","RIO SECO NOCHE","583951.05393","8176109.24847","Malo","P-S","Sí","Sí","Sí","No","Sí","Sí","No","No","No","Noche","NA","NA","RIO SECO NOCHE","307","NA","NA","307"
"D-4","40730158","WALTER ALPIRE DURAN B","583636.684373","8175934.89993","Malo","S","Sí","Sí","Sí","No","Sí","Sí","Sí","No","Sí","Mañana","WALTER ALPIRE DURAN B","NA","NA","971","971","NA","NA"
"D-4","40730170","VILLA TUNARI MAÑANA","585685.193121","8175771.70352","Regular","I-P","Sí","Sí","Sí","No","Sí","Sí","Sí","Sí","Sí","Mañana","VILLA TUNARI MAÑANA","NA","NA","1006","1006","NA","NA"
"D-4","40730169","VILLA TUNARI TARDE","585685.193121","8175771.70352","Regular","S","Sí","Sí","Sí","No","Sí","Sí","Sí","Sí","Sí","Tarde","NA","VILLA TUNARI TARDE","NA","661","NA","661","NA"
"D-4","40730239","ANTOFAGASTA","585685.193121","8175771.70352","Regular","P-S","Sí","Sí","Sí","No","Sí","Sí","Sí","No","Sí","Noche","NA","NA","ANTOFAGASTA","169","NA","NA","169"
"D-4","40730293","CARLOS PALENQUE AVILES","585191.56797","8175358.02376","Regular","I-P-S","Sí","Sí","Sí","No","Sí","Sí","No","Sí","Sí","Mañana","CARLOS PALENQUE AVILES","CARLOS PALENQUE AVILES","NA","424","424","272","NA"
"D-4","40730526","REPUBLICA DEL JAPON MAÑANA","585011.731937","8175212.82393","Regular","S","Sí","Sí","Sí","No","Sí","Sí","Sí","Sí","Sí","Mañana","REPUBLICA DEL JAPON MAÑANA","NA","NA","394","394","NA","NA"
"D-4","40730166","REPUBLICA DEL JAPON TARDE","585011.731937","8175212.82393","Regular","I-P","Sí","Sí","Sí","No","Sí","Sí","Sí","Sí","Sí","Tarde","NA","REPUBLICA DEL JAPON TARDE","NA","475","NA","475","NA"
"D-4","40730167","SAN VICENTE DE PAUL FE Y ALEGRIA","584675.906828","8174956.44025","Regular","I-P","Sí","Sí","Sí","No","Sí","Sí","Sí","Sí","Sí","Mañana","SAN VICENTE DE PAUL FE Y ALEGRIA","NA","NA","676","676","NA","NA"
"D-4","40730168","SAN VICENTE DE PAUL","584675.906828","8174956.44025","Regular","S","Sí","Sí","Sí","No","Sí","Sí","Sí","Sí","Sí","Tarde","NA","SAN VICENTE DE PAUL","NA","638","NA","638","NA"
"D-4","40730357","PEDRO DOMINGO MURILLO A","584487.923693","8174798.35796","Regular","I-P","Sí","Sí","Sí","No","Sí","Sí","Sí","Sí","Sí","Tarde","NA","PEDRO DOMINGO MURILLO A","NA","595","NA","595","NA"
"D-4","40730153","PEDRO DOMINGO MURILLO B","584487.923693","8174798.35796","Regular","S","Sí","Sí","Sí","No","Sí","Sí","No","Sí","Sí","Mañana","PEDRO DOMINGO MURILLO B","NA","NA","421","421","NA","NA"
"D-4","40730162","ARMADA BOLIVIANA","583978.002177","8174978.33026","Regular","I-P-S","Sí","Sí","Sí","No","Sí","Sí","Sí","Sí","Sí","Mañana","ARMADA BOLIVIANA","ARMADA BOLIVIANA","NA","743","743","NA","NA"
"D-4","40730599","6 DE MARZO MAÑANA","583825.80338","8174750.58753","Regular","I-P","Sí","Sí","Sí","No","Sí","Sí","Sí","No","Sí","Mañana","6 DE MARZO MAÑANA","NA","NA","385","385","NA","NA"
"D-4","40730163","6 DE MARZO TARDE","583825.80338","8174750.58753","Regular","S","Sí","Sí","Sí","No","Sí","Sí","Sí","No","Sí","Tarde","NA","6 DE MARZO TARDE","NA","259","NA","259","NA"
"D-4","40730601","ECOLOGICO 25 DE JULIO A","583471.660357","8174669.61234","Bueno","I-P","Sí","Sí","Sí","No","Sí","Sí","No","Sí","Sí","Mañana","ECOLOGICO 25 DE JULIO A","NA","NA","527","527","NA","NA"
"D-4","40730374","ECOLOGICO 25 DE JULIO B","583471.660357","8174669.61234","Bueno","S","Sí","Sí","Sí","No","Sí","Sí","No","Sí","Sí","Mañana","ECOLOGICO 25 DE JULIO B","NA","NA","487","487","NA","NA"
"D-4","40730542","HERNAN SILES SUAZO","582936.263784","8174006.23682","Regular","I-P","Sí","Sí","Sí","No","Sí","Sí","No","No","No","Mañana","HERNAN SILES SUAZO","NA","NA","70","70","NA","NA"
"D-4","40730528","MERCEDARIO","582545.999532","8173787.04637","Regular","I-P-S","Sí","Sí","Sí","No","Sí","Sí","No","No","No","Mañana","MERCEDARIO","NA","NA","300","300","NA","NA"
"D-4","40730261","FERNANDO NOGALES CASTRO FE Y ALEGRIA","581778.061564","8172740.59633","Regular","I-P-S","Sí","Sí","Sí","No","Sí","Sí","Sí","No","Sí","Mañana","FERNANDO NOGALES CASTRO FE Y ALEGRIA","NA","NA","880","880","NA","NA"
"D-4","40730476","1RO. DE OCTUBRE","580877.024036","8173309.0232","Regular","I-P-S","Sí","Sí","Sí","No","Sí","Sí","No","No","No","Mañana","1RO. DE OCTUBRE","NA","NA","346","346","NA","NA"
"D-4","40730487","AUSTRIA","581665.653995","8173561.39619","Regular","I-P-S","Sí","Sí","Sí","No","Sí","Sí","No","No","No","Mañana","AUSTRIA","NA","NA","425","425","NA","NA"
"D-4","40730464","SAN FELIPE","581132.003983","8173845.65082","Regular","I-P-S","Sí","Sí","Sí","No","Sí","Sí","No","No","Sí","Mañana","SAN FELIPE","NA","NA","567","567","314","NA"
"D-4","40730503","REPUBLICA BOLIVARIANA DE VENEZUELA","579920.776464","8173959.18357","Regular","I-P-S","Sí","Sí","Sí","No","Sí","Sí","No","No","No","Mañana","REPUBLICA BOLIVARIANA DE VENEZUELA","NA","NA","208","208","NA","NA"
"D-4","40730447","SANTISIMA TRINIDAD","580634.955676","8174689.67514","Regular","I-P-S","Sí","Sí","Sí","No","Sí","Sí","No","No","No","Mañana","SANTISIMA TRINIDAD","NA","NA","547","547","NA","NA"
"D-4","40730174","REPUBLICA POPULAR DE CHINA","581501.242107","8174707.65848","Regular","I-P-S","Sí","Sí","Sí","No","Sí","Sí","Sí","Sí","Sí","Mañana","REPUBLICA POPULAR DE CHINA","NA","NA","1110","1110","NA","NA"
"D-4","40730395","JUANA AZURDUY DE PADILLA","581805.307913","8175131.51368","Regular","I-P-S","Sí","Sí","Sí","No","Sí","Sí","No","Sí","Sí","Mañana","JUANA AZURDUY DE PADILLA","NA","NA","893","893","NA","NA"
"D-4","40730396","MANUEL ASCENCIO PADILLA","582400.34786","8174723.43042","Regular","I-P-S","Sí","Sí","Sí","No","Sí","Sí","No","Sí","Sí","Mañana","MANUEL ASCENCIO PADILLA","NA","NA","808","808","NA","NA"
"D-4","40730161","16 DE FEBRERO A","582460.762585","8175232.97954","Regular","I-P","Sí","Sí","Sí","No","Sí","Sí","Sí","Sí","Sí","Mañana","16 DE FEBRERO A","NA","NA","917","917","NA","NA"
"D-4","40730544","16 DE FEBRERO B","582460.762585","8175232.97954","Regular","S","Sí","Sí","Sí","No","Sí","Sí","Sí","Sí","Sí","Tarde","NA","16 DE FEBRERO B","NA","598","NA","598","NA"
"D-4","40730152","RAUL SALMON DE LA BARRA","584276.959399","8175680.3421","Regular","I-P","Sí","Sí","Sí","No","Sí","Sí","No","Sí","Sí","Mañana","RAUL SALMON DE LA BARRA","NA","NA","894","894","NA","NA"
"D-4","40730151","BICENTENARIO LIBERTADOR SIMON BOLIVAR","584276.959399","8175680.3421","Regular","S","Sí","Sí","Sí","No","Sí","Sí","No","Sí","Sí","Tarde","NA","BICENTENARIO LIBERTADOR SIMON BOLIVAR","NA","597","NA","597","NA"
"D-4","40730171","MARISCAL. DE ZEPITA MAÑANA","584645.217845","8175754.84146","Regular","S","Sí","Sí","Sí","No","Sí","Sí","No","No","Sí","Mañana","MARISCAL. DE ZEPITA MAÑANA","NA","NA","328","328","NA","NA"
"D-4","40730595","MARISCAL DE ZEPITA TARDE","584645.217845","8175754.84146","Regular","I-P","Sí","Sí","Sí","No","Sí","Sí","No","No","Sí","Tarde","NA","MARISCAL DE ZEPITA TARDE","NA","376","NA","376","NA"
"D-4","40730211","LIBERTAD","582517.050218","8176938.64294","Regular","I-P-S","Sí","Sí","Sí","No","Sí","Sí","Sí","Sí","Sí","Mañana","LIBERTAD","NA","NA","606","606","503","NA"
"D-4","40730490","METODISTA ANDINO","582802.683758","8176549.71705","Regular","I-P-S","Sí","Sí","Sí","No","Sí","Sí","Sí","Sí","Sí","Mañana","METODISTA ANDINO","NA","NA","424","424","NA","NA"
"D-4","40730159","YUNGUYO FE Y ALEGRIA TARDE","582706.326642","8176204.86699","Regular","S","Sí","Sí","Sí","No","Sí","Sí","Sí","Sí","Sí","Tarde","NA","YUNGUYO FE Y ALEGRIA TARDE","NA","646","NA","646","NA"
"D-4","40730160","YUNGUYO FE Y ALEGRIA A","582706.326642","8176204.86699","Regular","I-P","Sí","Sí","Sí","No","Sí","Sí","Sí","Sí","Sí","Mañana","YUNGUYO FE Y ALEGRIA A","NA","NA","771","771","NA","NA"
"D-4","40730640","YUNGUYO FE Y ALEGRIA B","582706.326642","8176204.86699","Regular","S","Sí","Sí","Sí","No","Sí","Sí","Sí","Sí","Sí","Mañana","YUNGUYO FE Y ALEGRIA B","NA","NA","634","634","NA","NA"
"D-4","40730499","JESUS DE YUNGUYO FE Y ALEGRIA","582706.326642","8176204.86699","Regular","I-P","Sí","Sí","Sí","No","Sí","Sí","Sí","Sí","Sí","Tarde","NA","JESUS DE YUNGUYO FE Y ALEGRIA","NA","688","NA","688","NA"
"D-4","40730594","SAN JOSE DE YUNGUYO A","582608.67449","8175723.41589","Regular","I-P","Sí","Sí","Sí","No","Sí","Sí","No","Sí","Sí","Mañana","SAN JOSE DE YUNGUYO A","NA","NA","475","475","NA","NA"
"D-4","40730404","SAN JOSE DE YUNGUYO B","582608.67449","8175723.41589","Regular","S","Sí","Sí","Sí","No","Sí","Sí","No","Sí","Sí","Tarde","NA","SAN JOSE DE YUNGUYO B","NA","280","NA","280","NA"
"D-4","40730502","REPUBLICA DEL PERU","581850.375829","8175958.0904","Regular","I-P","Sí","Sí","Sí","No","Sí","Sí","Sí","No","Sí","Mañana","REPUBLICA DEL PERU","NA","NA","126","126","NA","NA"
"D-4","40730612","PILOTO AVELINO SIÑANI","584726","8176946","Regular","I-P","Sí","Sí","Sí","No","Sí","Sí","No","No","No","Mañana","PILOTO AVELINO SIÑANI","NA","NA","150","150","NA","NA"
"D-5","40730180","MARCELO QUIROGA SANTA CRUZ","584440.08757","8177080.84328","Regular","S","Sí","Sí","Sí","No","Sí","Sí","No","Sí","No","Tarde","NA","MARCELO QUIROGA SANTA CRUZ","NA","1121","NA","1121","NA"
"D-5","40730181","TOCOPILLA","584440.08757","8177080.84328","Regular","I-P","Sí","Sí","Sí","No","Sí","Sí","No","Sí","Sí","Mañana","TOCOPILLA","NA","NA","1555","1555","NA","NA"
"D-5","40730191","JOSE ANTONIO PAREDES CANDIA","584253.699265","8177864.90932","Regular","S","NA","NA","NA","NA","NA","NA","No","Sí","No","Tarde","NA","JOSE ANTONIO PAREDES CANDIA","NA","1032","NA","1032","NA"
"D-5","40730192","VILLA INGENIO","584253.699265","8177864.90932","Regular","I-P","Sí","Sí","Sí","No","Sí","Sí","No","NA","NA","Mañana","VILLA INGENIO","NA","NA","1153","1153","NA","NA"
"D-5","40730194","MCAL. ANDRES DE SANTA CRUZ","583644.654442","8177546.32719","Regular","S","Sí","Sí","Sí","No","Sí","Sí","No","Sí","Sí","Tarde","NA","MCAL. ANDRES DE SANTA CRUZ","NA","1167","NA","1167","NA"
"D-5","40730195","TAHUANTINSUYO","583644.654442","8177546.32719","Regular","I-P","Sí","Sí","Sí","No","Sí","Sí","No","Sí","Sí","Mañana","TAHUANTINSUYO","NA","NA","1314","1314","NA","NA"
"D-5","40730213","DR. CARLOS MONTENEGRO","585426.861397","8177833.46352","Regular","S","Sí","Sí","Sí","No","Sí","Sí","No","Sí","Sí","Tarde","NA","DR. CARLOS MONTENEGRO","NA","443","NA","443","NA"
"D-5","40730265","THE STRONGEST","585426.861397","8177833.46352","Regular","I-P","Sí","Sí","Sí","No","Sí","Sí","No","Sí","Sí","Mañana","THE STRONGEST","NA","NA","562","562","NA","NA"
"D-5","40730399","REPUBLICA DE CUBA","585170.302717","8178430.54618","Regular","I-P-S","Sí","Sí","Sí","No","Sí","Sí","No","No","Sí","Mañana","REPUBLICA DE CUBA","NA","NA","1173","1173","NA","NA"
"D-5","40730492","REPUBLICA DE IRAN","584221.700479","8178676.17802","Regular","I-P-S","Sí","Sí","Sí","No","Sí","Sí","No","No","No","Mañana","REPUBLICA DE IRAN","NA","NA","539","539","NA","NA"
"D-5","40730184","ALMIRANTE MIGUEL GRAU B","585924.597289","8176617.05352","Regular","S","Sí","Sí","Sí","No","Sí","Sí","No","Sí","Sí","Tarde","NA","ALMIRANTE MIGUEL GRAU B","NA","482","NA","482","NA"
"D-5","40730185","ALMIRANTE MIGUEL GRAU A","585924.597289","8176617.05352","Regular","I-P","Sí","Sí","Sí","No","Sí","Sí","No","Sí","Sí","Tarde","NA","ALMIRANTE MIGUEL GRAU A","NA","540","NA","540","NA"
"D-5","40730186","NUEVA ESPERANZA A","585924.597289","8176617.05352","Regular","P","Sí","Sí","Sí","No","Sí","Sí","No","Sí","Sí","Noche","NA","NA","NUEVA ESPERANZA A","30","NA","NA","30"
"D-5","40730187","NUEVA ESPERANZA B","585924.597289","8176617.05352","Regular","S","Sí","Sí","Sí","No","Sí","Sí","No","Sí","Sí","Noche","NA","NA","NUEVA ESPERANZA B","200","NA","NA","200"
"D-5","40730188","RAFAEL MENDOZA CASTELLON A","585924.597289","8176617.05352","Regular","I-P","Sí","Sí","Sí","No","Sí","Sí","No","Sí","Sí","Mañana","RAFAEL MENDOZA CASTELLON A","NA","NA","1191","1191","NA","NA"
"D-5","40730547","RAFAEL MENDOZA CASTELLON B","585924.597289","8176617.05352","Regular","S","Sí","Sí","Sí","No","Sí","Sí","No","Sí","Sí","Mañana","RAFAEL MENDOZA CASTELLON B","NA","NA","944","944","NA","NA"
"D-5","40730196","JOSE LUIS SUAREZ GUZMAN","585562.430809","8177262.50973","Regular","S","Sí","Sí","Sí","No","Sí","Sí","No","Sí","Sí","Tarde","NA","JOSE LUIS SUAREZ GUZMAN","NA","440","NA","440","NA"
"D-5","40730197","TUPAC KATARI","585562.430809","8177262.50973","Regular","I-P","Sí","Sí","Sí","No","Sí","Sí","No","Sí","Sí","Mañana","TUPAC KATARI","NA","NA","733","733","NA","NA"
"D-5","40730263","NORUEGA TARDE","586031.770466","8177507.28791","Regular","I-P","Sí","Sí","Sí","No","Sí","Sí","No","Sí","Sí","Tarde","NA","NORUEGA TARDE","NA","830","NA","830","NA"
"D-5","40730622","NORUEGA MAÑANA","586031.770466","8177507.28791","Regular","S","Sí","Sí","Sí","No","Sí","Sí","No","Sí","Sí","Mañana","NORUEGA MAÑANA","NA","NA","599","599","NA","NA"
"D-5","40730177","HUAYNA POTOSI MAÑANA","586845.153542","8178131.46735","Regular","S","Sí","Sí","Sí","No","Sí","Sí","No","Sí","No","Mañana","HUAYNA POTOSI MAÑANA","NA","NA","751","751","NA","NA"
"D-5","40730178","HUAYNA POTOSI","586845.153542","8178131.46735","Regular","I-P","NA","NA","NA","NA","NA","NA","No","Sí","No","Tarde","NA","HUAYNA POTOSI","NA","938","NA","938","NA"
"D-5","40730189","INGAVI TARDE","587575.213967","8178985.92058","Regular","S","Sí","Sí","Sí","No","Sí","Sí","No","No","Sí","Tarde","NA","INGAVI TARDE","NA","558","NA","558","NA"
"D-5","40730190","INGAVI MAÑANA","587575.213967","8178985.92058","Regular","I-P","Sí","Sí","Sí","No","Sí","Sí","No","No","Sí","Mañana","INGAVI MAÑANA","NA","NA","860","860","NA","NA"
"D-5","40730193","ILLIMANI MAÑANA","587031.731476","8179391.50224","Regular","S","Sí","Sí","Sí","No","Sí","Sí","No","No","Sí","Mañana","ILLIMANI MAÑANA","NA","NA","722","722","NA","NA"
"D-5","40730598","ILLIMANI TARDE","587031.731476","8179391.50224","Regular","I-P","Sí","Sí","Sí","No","Sí","Sí","No","No","Sí","Tarde","NA","ILLIMANI TARDE","NA","917","NA","917","NA"
"D-5","40730258","RAFAEL PABON","588140.478837","8179645.36956","Regular","I-P-S","Sí","Sí","Sí","No","Sí","Sí","No","Sí","No","Mañana","RAFAEL PABON","NA","NA","799","799","NA","NA"
"D-5","40730366","JESUS MARIA FE Y ALEGRIA","586765.016205","8179135.99281","Regular","I-P-S","Sí","Sí","Sí","No","Sí","Sí","No","Sí","No","Mañana","JESUS MARIA FE Y ALEGRIA","NA","NA","904","904","NA","NA"
"D-5","40730398","SOLIDARIDAD","589061.915417","8180692.4175","Regular","I-P-S","Sí","Sí","Sí","No","Sí","Sí","No","Sí","Sí","Mañana","SOLIDARIDAD","NA","NA","501","501","NA","NA"
"D-5","40730400","TOKIO","587673.681026","8178628.55436","Regular","I-P-S","Sí","Sí","Sí","No","Sí","Sí","No","Sí","Sí","Mañana","TOKIO","NA","NA","667","667","NA","NA"
"D-5","40730429","PABLO ZARATE VILLCA","585979.175457","8178678.24259","Regular","I-P-S","Sí","Sí","Sí","No","Sí","Sí","No","No","No","Mañana","PABLO ZARATE VILLCA","NA","NA","977","977","NA","NA"
"D-5","40730435","SANTA ROSA DE LIMA","588844.007344","8180460.78068","Regular","I-P-S","Sí","Sí","Sí","No","Sí","Sí","No","No","Sí","Mañana","SANTA ROSA DE LIMA","NA","NA","716","716","NA","NA"
"D-5","40730437","UNION EUROPEA A","586184.970759","8178013.71082","Regular","I-P","Sí","Sí","Sí","No","Sí","Sí","No","Sí","Sí","Tarde","NA","UNION EUROPEA A","NA","628","NA","628","NA"
"D-5","40730636","UNION EUROPEA B","586184.970759","8178013.71082","Regular","S","Sí","Sí","Sí","No","Sí","Sí","No","Sí","Sí","Mañana","UNION EUROPEA B","NA","NA","476","476","NA","NA"
"D-5","40730477","GERMAN BUSCH I","587715.502111","8179718.86839","Regular","I-P-S","Sí","Sí","Sí","No","Sí","Sí","No","No","No","Mañana","GERMAN BUSCH I","NA","NA","633","633","NA","NA"
"D-5","40730489","DON BOSCO","588652.040581","8179792.52756","Regular","I-P-S","NA","NA","NA","NA","NA","NA","No","No","Sí","Mañana","DON BOSCO","NA","NA","808","808","NA","NA"
"D-5","40730179","MCAL. SUCRE","582639.253632","8177274.14686","Regular","I-P-S","Sí","Sí","Sí","No","Sí","Sí","Sí","Sí","Sí","Mañana","MCAL. SUCRE","NA","NA","1286","1286","NA","NA"
"D-5","40730182","MCAL. ANTONIO JOSE DE SUCRE MAÑANA","583009.196692","8178117.35041","Regular","I-P","Sí","Sí","Sí","No","Sí","Sí","No","Sí","Sí","Mañana","MCAL. ANTONIO JOSE DE SUCRE MAÑANA","NA","NA","595","595","NA","NA"
"D-5","40730358","MCAL. ANTONIO JOSE DE SUCRE TARDE","583009.196692","8178117.35041","Regular","S","Sí","Sí","Sí","No","Sí","Sí","No","Sí","Sí","Tarde","NA","MCAL. ANTONIO JOSE DE SUCRE TARDE","NA","447","NA","447","NA"
"D-5","40730207","BARTOLINA SISA","585044.223264","8178989.45583","Regular","I-P","Sí","Sí","Sí","No","Sí","Sí","No","No","Sí","Mañana","BARTOLINA SISA","NA","NA","639","639","NA","NA"
"D-5","40730257","LITORAL","583918.626068","8178356.99639","Regular","S","Sí","Sí","Sí","No","Sí","Sí","No","NA","NA","Tarde","NA","LITORAL","NA","473","NA","473","NA"
"D-5","40730448","TAIWAN","583918.626068","8178356.99639","Regular","I-P-S","Sí","Sí","Sí","Sí","Sí","Sí","No","No","Sí","Mañana","TAIWAN","NA","NA","412","412","NA","NA"
"D-5","40730456","BOLIVIANO PORTUGAL","585125.277618","8178680.35302","Regular","I-P-S","Sí","Sí","Sí","No","Sí","Sí","No","No","No","Mañana","BOLIVIANO PORTUGAL","NA","NA","699","699","NA","NA"
"D-6","40730214","EL ALTO INTEGRACION","589119.892204","8175453.44687","Malo","I-P-S","Sí","Sí","Sí","No","Sí","Sí","No","No","No","Mañana","EL ALTO INTEGRACION","NA","NA","484","484","NA","NA"
"D-6","40730215","ABEL ITURRALDE B","588506.347848","8175897.57577","Regular","S","Sí","Sí","Sí","No","Sí","Sí","No","No","No","Mañana","ABEL ITURRALDE B","NA","NA","782","782","NA","NA"
"D-6","40730216","ABEL ITURRALDE A","588506.347848","8175897.57577","Regular","I-P","Sí","Sí","Sí","No","Sí","Sí","No","No","No","Mañana","ABEL ITURRALDE A","NA","NA","971","971","NA","NA"
"D-6","40730217","JUVENAL MARIACA B","588506.347848","8175897.57577","Regular","S","Sí","Sí","Sí","Sí","Sí","Sí","No","No","Sí","Tarde","NA","JUVENAL MARIACA B","NA","431","NA","431","NA"
"D-6","40730218","JUVENAL MARIACA A","588506.347848","8175897.57577","Regular","I-P","Sí","Sí","Sí","No","Sí","Sí","No","No","Sí","Tarde","NA","JUVENAL MARIACA A","NA","497","NA","497","NA"
"D-6","40730220","JULIAN APAZA","588506.347848","8175897.57577","Regular","S","Sí","Sí","Sí","Sí","Sí","Sí","No","No","Sí","Noche","NA","NA","JULIAN APAZA","96","NA","NA","96"
"D-6","40730474","TCNL. AV. RAFAEL PABON CUEVAS III","588470.140684","8175183.63375","Regular","I-P-S","Sí","Sí","Sí","No","Sí","Sí","No","No","Sí","Tarde","NA","TCNL. AV. RAFAEL PABON CUEVAS III","NA","1091","NA","1091","NA"
"D-6","40730224","ADRIAN CASTILLO NAVA A","586842.425415","8177630.03804","Regular","I-P","Sí","Sí","Sí","No","Sí","Sí","No","No","Sí","Mañana","ADRIAN CASTILLO NAVA A","NA","NA","1315","1315","NA","NA"
"D-6","40730227","GUALBERTO VILLARROEL A","586842.425415","8177630.03804","Regular","P-S","Sí","Sí","Sí","No","Sí","Sí","No","No","Sí","Tarde","NA","GUALBERTO VILLARROEL A","NA","738","NA","738","NA"
"D-6","40730313","ADRIAN CASTILLO NAVA B","587442.333082","8177864.07609","Malo","S","Sí","Sí","Sí","No","Sí","Sí","No","Sí","Sí","Mañana","ADRIAN CASTILLO NAVA B","NA","NA","854","854","NA","NA"
"D-6","40730228","GUALBERTO VILLARROEL B","587442.333082","8177864.07609","Malo","S","Sí","Sí","Sí","No","NA","Sí","No","No","Sí","Tarde","NA","GUALBERTO VILLARROEL B","NA","421","NA","421","NA"
"D-6","40730226","CESAR CHAVEZ TABORGA","587442.333082","8177864.07609","Malo","I-P","Sí","Sí","Sí","No","Sí","Sí","No","No","Sí","Noche","NA","NA","CESAR CHAVEZ TABORGA","274","NA","NA","274"
"D-6","40730229","PUERTO DE GUAQUI MAÑANA","588202.530713","8178238.62072","Regular","I-P","Sí","Sí","Sí","No","Sí","Sí","No","No","Sí","Mañana","PUERTO DE GUAQUI MAÑANA","NA","NA","711","711","NA","NA"
"D-6","40730253","PUERTO DE GUAQUI TARDE","588202.530713","8178238.62072","Regular","S","Sí","Sí","Sí","No","Sí","Sí","No","Sí","Sí","Tarde","NA","PUERTO DE GUAQUI TARDE","NA","488","NA","488","NA"
"D-6","40730230","JUAN JOSE TORREZ GONZALES C","588627.283083","8178793.67534","Regular","I-P","Sí","Sí","Sí","No","Sí","Sí","No","No","Sí","Mañana","JUAN JOSE TORREZ GONZALES C","NA","NA","673","673","NA","NA"
"D-6","40730231","JUAN JOSE TORREZ GONZALES A","588627.283083","8178793.67534","Regular","I-P-S","Sí","Sí","Sí","No","Sí","Sí","No","Sí","Sí","Tarde","NA","JUAN JOSE TORREZ GONZALES A","NA","384","NA","384","NA"
"D-6","40730232","JUAN JOSE TORREZ GONZALES B","588627.283083","8178793.67534","Regular","S","Sí","Sí","Sí","Sí","Sí","Sí","No","Sí","Sí","Mañana","JUAN JOSE TORREZ GONZALES B","NA","NA","533","533","NA","NA"
"D-6","40730241","MCAL. JOSE BALLIVIAN C","587662.32118","8176716.03552","Regular","I-P","Sí","Sí","Sí","No","Sí","Sí","No","No","Sí","Tarde","NA","MCAL. JOSE BALLIVIAN C","NA","488","NA","488","NA"
"D-6","40730252","MCAL. JOSE BALLIVIAN A","587662.32118","8176716.03552","Regular","S","Sí","Sí","Sí","No","Sí","Sí","No","No","Sí","Mañana","MCAL. JOSE BALLIVIAN A","NA","NA","634","634","NA","NA"
"D-6","40730244","AIDA DEL PORTILLO DE MENDOZA","587855.411221","8176652.6036","Malo","P-S","Sí","Sí","Sí","No","Sí","Sí","No","No","Sí","Noche","NA","NA","AIDA DEL PORTILLO DE MENDOZA","320","NA","NA","320"
"D-6","40730245","MCAL. JOSE BALLIVIAN D","587855.411221","8176652.6036","Malo","S","Sí","Sí","Sí","Sí","Sí","Sí","No","No","Sí","Mañana","MCAL. JOSE BALLIVIAN D","NA","NA","860","860","NA","NA"
"D-6","40730246","MCAL. JOSE BALLIVIAN E","587855.411221","8176652.6036","Malo","I-P","Sí","Sí","Sí","Sí","Sí","Sí","No","No","Sí","Mañana","MCAL. JOSE BALLIVIAN E","NA","NA","1181","1181","NA","NA"
"D-6","40730247","MERCEDES BELZU DE DORADO B","587855.411221","8176652.6036","Malo","S","Sí","Sí","Sí","No","Sí","Sí","No","No","Sí","Tarde","NA","MERCEDES BELZU DE DORADO B","NA","594","NA","594","NA"
"D-6","40730248","MERCEDES BELZU DE DORADO A","587855.411221","8176652.6036","Malo","I-P","Sí","Sí","Sí","No","Sí","Sí","No","No","Sí","Tarde","NA","MERCEDES BELZU DE DORADO A","NA","746","NA","746","NA"
"D-6","40730223","HUYUSTUS REPUBLICA DE AUSTRIA","588888.919139","8179522.20935","Regular","I-P-S","Sí","Sí","Sí","No","Sí","Sí","No","No","Sí","Mañana","HUYUSTUS REPUBLICA DE AUSTRIA","NA","NA","758","758","NA","NA"
"D-6","40730233","SAN JOSE FE Y ALEGRIA A","588627.283083","8178793.67534","Regular","S","Sí","Sí","Sí","No","Sí","Sí","No","Sí","Sí","Mañana","SAN JOSE FE Y ALEGRIA A","NA","NA","1149","1149","NA","NA"
"D-6","40730234","SAN JOSE FE Y ALEGRIA","588627.283083","8178793.67534","Regular","I-P","Sí","Sí","Sí","Sí","Sí","Sí","No","No","Sí","Tarde","NA","SAN JOSE FE Y ALEGRIA","NA","755","NA","755","NA"
"D-6","40730388","SAN JOSE FE Y ALEGRIA B","588627.283083","8178793.67534","Regular","I-P","Sí","Sí","Sí","Sí","Sí","Sí","No","No","Sí","Mañana","SAN JOSE FE Y ALEGRIA B","NA","NA","759","759","NA","NA"
"D-6","40730249","LUIS ESPINAL CAMPS FE Y ALEGRIA MAÑANA","589034.652467","8177849.73856","Regular","I-P","Sí","Sí","Sí","No","Sí","Sí","No","No","Sí","Mañana","LUIS ESPINAL CAMPS FE Y ALEGRIA MAÑANA","NA","NA","1107","1107","NA","NA"
"D-6","40730250","LUIS ESPINAL CAMPS FE Y ALEGRIA TARDE","589034.652467","8177849.73856","Regular","S","Sí","Sí","Sí","No","Sí","Sí","No","Sí","Sí","Tarde","NA","LUIS ESPINAL CAMPS FE Y ALEGRIA TARDE","NA","736","NA","736","NA"
"D-6","40730426","SAN MARCOS","588860.071661","8178290.29396","Regular","I-P-S","Sí","Sí","Sí","No","Sí","Sí","No","No","Sí","Mañana","SAN MARCOS","NA","NA","947","947","NA","NA"
"D-6","40730221","SANTA MARIA DE LOS ANGELES MAÑANA","587796.090232","8176156.03853","Regular","I-P-S","Sí","Sí","Sí","No","Sí","Sí","No","Sí","Sí","Mañana","SANTA MARIA DE LOS ANGELES MAÑANA","NA","NA","1190","1190","NA","NA"
"D-6","40730222","SANTA MARIA DE LOS ANGELES TARDE","587796.090232","8176156.03853","Regular","I-P-S","Sí","Sí","Sí","No","Sí","Sí","No","Sí","Sí","Tarde","NA","SANTA MARIA DE LOS ANGELES TARDE","NA","1151","NA","1151","NA"
"D-6","40730236","LOS ANDES MAÑANA","587035.571123","8176154.84316","Malo","I-P-S","Sí","Sí","Sí","No","Sí","Sí","No","No","Sí","Mañana","LOS ANDES MAÑANA","NA","NA","1750","1750","NA","NA"
"D-6","40730237","LOS ANDES TARDE","587035.571123","8176154.84316","Malo","I-P-S","Sí","Sí","Sí","No","Sí","Sí","No","No","Sí","Tarde","NA","LOS ANDES TARDE","NA","1004","NA","1004","NA"
"D-6","40730238","GRAN BRETAÑA MAÑANA","586656.94277","8176313.52624","Regular","S","Sí","Sí","Sí","No","Sí","Sí","No","No","Sí","Mañana","GRAN BRETAÑA MAÑANA","NA","NA","682","682","NA","NA"
"D-6","40730251","GRAN BRETAÑA TARDE","586656.94277","8176313.52624","Regular","I-P","Sí","Sí","Sí","No","Sí","Sí","No","No","Sí","Tarde","NA","GRAN BRETAÑA TARDE","NA","741","NA","741","NA"
"D-6","40730242","ELIZARDO PEREZ TARDE","586505.618973","8176927.00581","Regular","S","Sí","Sí","Sí","No","Sí","Sí","No","No","Sí","Tarde","NA","ELIZARDO PEREZ TARDE","NA","1025","NA","1025","NA"
"D-6","40730243","ELIZARDO PEREZ MAÑANA","586505.618973","8176927.00581","Regular","I-P","Sí","Sí","Sí","No","Sí","Sí","No","No","Sí","Mañana","ELIZARDO PEREZ MAÑANA","NA","NA","1396","1396","NA","NA"
"D-6","40730644","VIRGEN NIÑA-EPDB","586852.84","8176566.743","Regular","I-P","Sí","Sí","No","No","Sí","Sí","No","No","No","Mañana","VIRGEN NIÑA-EPDB","NA","NA","85","85","NA","NA"
"D-7","40730200","U.E.  REPUBLICA DE BOLIVIA","579736.973925","8177677.95453","Regular","I-P-S","Sí","Sí","Sí","No","Sí","Sí","Sí","No","Sí","Mañana","U.E.  REPUBLICA DE BOLIVIA","U.E.  REPUBLICA DE BOLIVIA","NA","862","862","720","NA"
"D-7","40730203","U.E.  SAN ROQUE","577993.161389","8178289.37277","Regular","I-P-S","Sí","Sí","Sí","No","Sí","Sí","Sí","No","Sí","Mañana","U.E.  SAN ROQUE","NA","NA","1561","1561","NA","NA"
"D-7","40730312","U.E. REPUBLICA DE RUSIA","577993.161389","8178289.37277","Regular","S","Sí","Sí","Sí","No","Sí","Sí","No","No","Sí","Tarde","NA","REPUBLICA DE RUSIA","NA","1314","NA","1314","NA"
"D-7","40730346","U.E. 16 DE AGOSTO","577292.050361","8177546.55149","Regular","I-P-S","Sí","Sí","Sí","No","Sí","Sí","No","No","No","Mañana","U.E. 16 DE AGOSTO","U.E. 16 DE AGOSTO","NA","886","886","NA","NA"
"D-7","40730403","U.E.  21 DE SEPTIEMBRE","579253.920701","8176992.95708","Regular","I-P-S","Sí","Sí","No","Sí","Sí","Sí","Sí","No","Sí","Mañana","U.E.  21 DE SEPTIEMBRE","U.E.  21 DE SEPTIEMBRE","NA","634","634","503","NA"
"D-7","40730459","U.E. EL PROGRESO A","579768.532854","8178025.96681","Regular","I-P","Sí","Sí","Sí","No","Sí","Sí","No","No","No","Tarde","NA","U.E. EL PROGRESO A","NA","779","NA","779","NA"
"D-7","40730624","U.E. EL PROGRESO B","579768.532854","8178025.96681","Regular","S","Sí","Sí","Sí","No","Sí","Sí","No","No","No","Mañana","U.E. EL PROGRESO B","NA","NA","562","562","NA","NA"
"D-7","40730465","ARCO IRIS NORTE A","577431.704594","8179460.39624","Regular","I-P","Sí","Sí","Sí","No","Sí","Sí","No","No","No","Tarde","NA","ARCO IRIS NORTE A","NA","780","NA","780","NA"
"D-7","40730671","U.E. ARCO IRIS NORTE B","577431.704594","8179460.39624","Regular","S","Sí","Sí","Sí","No","Sí","Sí","No","No","No","Mañana","U.E. ARCO IRIS NORTE B","NA","NA","452","452","NA","NA"
"D-7","40730478","U.E. COMANDANTE HUGO RAFAEL CHAVEZ FRIAS","578101.5274","8176990.1791","Regular","I-P-S","Sí","Sí","Sí","No","Sí","Sí","No","No","Sí","Mañana","U.E. COMANDANTE HUGO RAFAEL CHAVEZ FRIAS","NA","NA","601","601","NA","NA"
"D-7","40730482","U.E.  3 DE MARZO","577353.560758","8177325.05071","Regular","I-P-S","Sí","Sí","Sí","Sí","Sí","Sí","No","Sí","Sí","Mañana","U.E.  3 DE MARZO","NA","NA","551","551","NA","NA"
"D-7","40730510","U.E. NUEVO AMANECER BOLIVIANO","580472.061095","8177944.87443","Regular","I-P-S","Sí","Sí","Sí","No","Sí","Sí","No","No","No","Mañana","U.E. NUEVO AMANECER BOLIVIANO","NA","NA","440","440","NA","NA"
"D-7","40730513","U.E. ERNESTO CHE GUEVARA DISTRITAL","577053.316595","8177760.19771","Regular","I-P-S","Sí","Sí","Sí","No","Sí","Sí","No","No","No","Mañana","U.E. ERNESTO CHE GUEVARA DISTRITAL","NA","NA","342","342","NA","NA"
"D-7","40730539","JAIME ESCALANTE GUTIERREZ","580080.460152","8177229.95764","Regular","I-P-S","Sí","Sí","No","Sí","Sí","Sí","No","No","Sí","Mañana","U.E. JAIME ESCALANTE","NA","NA","285","285","NA","NA"
"D-7","40730551","U.E.  ANA MARIA ROMERO DE CAMPERO","576132.98382","8179655.04357","Regular","I-P-S","Sí","Sí","No","Sí","Sí","Sí","No","No","Sí","Mañana","U.E.  ANA MARIA ROMERO DE CAMPERO","NA","NA","436","436","NA","NA"
"D-7","40730569","U.E. PARAISO","579893.253634","8179014.79455","Regular","I-P","Sí","Sí","Sí","No","Sí","Sí","No","No","No","Mañana","U.E. PARAISO","NA","NA","227","227","NA","NA"
"D-7","40730570","17 DE OCTUBRE","577167.7274","8177084.3791","Regular","I-P","Sí","Sí","No","Sí","Sí","Sí","No","No","No","Mañana","U.E. 17 DE OCTUBRE","NA","NA","85","85","NA","NA"
"D-7","40730607","U.E. PLAYA VERDE","576420.146","8179092.0409","Regular","I-P","Sí","Sí","Sí","No","Sí","Sí","No","No","NA","Mañana","U.E. PLAYA VERDE","NA","NA","221","221","NA","NA"
"D-7","40730605","U.E. SAN JULIAN DE LAS NIEVES","580166.8416","8180028.9345","Regular","I-P","Sí","Sí","Sí","No","Sí","Sí","No","No","No","Mañana","U.E. SAN JULIAN DE LAS NIEVES","NA","NA","269","269","NA","NA"
"D-7","40730610","U.E. SAN FRANCISCO","577025.7274","8178607.6791","Regular","I-P","Sí","Sí","Sí","No","Sí","Sí","No","No","No","Mañana","U.E. SAN FRANCISCO","NA","NA","132","132","NA","NA"
"D-7","40730611","U.E. HEROINAS BARTOLINA SISA","579174.5977","8180107.7998","Regular","I-P","Sí","Sí","Sí","No","Sí","Sí","No","No","No","Mañana","U.E. HEROINAS BARTOLINA SISA","NA","NA","282","282","NA","NA"
"D-7","40730463","U.E. SIMON BOLIVAR","579847.409602","8178454.7897","Regular","I-P-S","Sí","Sí","Sí","No","Sí","Sí","No","No","No","Mañana","U.E. SIMON BOLIVAR","NA","NA","830","830","NA","NA"
"D-7","40730504","U.E. HEROES DE OCTUBRE","580516.123632","8179797.98547","Regular","I-P-S","Sí","Sí","Sí","No","Sí","Sí","No","No","No","Mañana","U.E. HEROES DE OCTUBRE","NA","NA","954","954","NA","NA"
"D-7","40730507","U.E. FUERZA AEREA ARGENTINA","579687.433217","8175938.11067","Regular","I-P-S","Sí","Sí","Sí","No","Sí","Sí","No","No","No","Mañana","U.E. FUERZA AEREA ARGENTINA","NA","NA","434","434","NA","NA"
"D-7","40730568","U.E. NUEVA MIRAFLORES","579418.123632","8179241.40454","Regular","I-P-S","Sí","Sí","Sí","No","Sí","Sí","No","No","No","Mañana","U.E. NUEVA MIRAFLORES","NA","NA","549","549","NA","NA"
"D-7","40730572","NUEVA ESPERANZA SANTUARIO SEÑOR DE LAGUNAS","579249.0274","8177016.0791","Regular","I-P","Sí","Sí","Sí","No","Sí","Sí","No","No","No","Mañana","NUEVA ESPERANZA SANTUARIO SEÑOR DE LAGUNAS","NA","NA","223","223","NA","NA"
"D-7","40730573","NUESTRA SEÑORA DE LA PAZ","576179.183666","8178377.41531","Regular","I-P","Sí","Sí","No","No","Sí","Sí","No","No","No","Mañana","NUESTRA SEÑORA DE LA PAZ","NA","NA","176","176","NA","NA"
"D-7","40730625","U.E.  24 DE JUNIO","578596.9274","8178135.1791","Regular","I-P","Sí","Sí","No","No","No","No","No","No","No","Mañana","U.E.  24 DE JUNIO","NA","NA","81","81","NA","NA"
"D-7","40730571","U.E.  ESPAÑA BOLIVIA","578572.123632","8176258.64364","Regular","I-P-S","Sí","Sí","Sí","No","Sí","Sí","Sí","No","Sí","Mañana","U.E.  ESPAÑA BOLIVIA","NA","NA","241","241","NA","NA"
"D-7","40730525","U.E. REPUBLICA COREA DEL NORTE","575979.752055","8177200.7846","Regular","I-P-S","Sí","Sí","Sí","No","Sí","Sí","No","No","No","Mañana","U.E. REPUBLICA COREA DEL NORTE","NA","NA","455","455","NA","NA"
"D-7","40730464","U.E.  LAGUNAS 2000","578609.2274","8176855.8791","Regular","I-P","Sí","Sí","Sí","No","Sí","Sí","No","No","No","Mañana","U.E.  LAGUNAS 2000","NA","NA","65","65","NA","NA"
"D-7","40730647","U.E. HÉROES DEL LITORAL","576128.1506","8179347.5237","Regular","I-P","Sí","Sí","Sí","No","Sí","Sí","No","No","No","Tarde","NA","U.E. HÉROES DEL LITORAL","NA","94","94","NA","NA"
"D-7","40730676","U.E. GREGORIO CHURATA CONDORI","581142.6274","8180955.1791","Regular","I-P","Sí","Sí","Sí","No","Sí","Sí","No","No","No","Mañana","U.E. GREGORIO CHURATA CONDORI","NA","NA","57","57","NA","NA"
"D-7","40730687","U.E. SAN SIMON","578524.6281","8180850.5394","Regular","I-P","Sí","Sí","Sí","No","Sí","Sí","No","No","No","Mañana","U.E. SAN SIMON","NA","NA","20","20","NA","NA"
"D-8","40730032","25 DE JULIO SENKATA A","587344.6069","8166889.1243","Regular","I-P","Sí","Sí","Sí","No","Sí","Sí","No","Sí","No","Mañana","25 DE JULIO SENKATA A","NA","NA","648","648","NA","NA"
"D-8","40730534","25 DE JULIO SENKATA B","587344.6069","8166889.1243","Regular","S","Sí","Sí","NA","No","Sí","Sí","No","No","No","Tarde","NA","25 DE JULIO SENKATA B","NA","542","NA","542","NA"
"D-8","40730033","AMERICA PANORAMICA A","587537.5395","8167285.5497","Regular","I-P","Sí","Sí","NA","No","Sí","Sí","No","No","No","Tarde","NA","AMERICA PANORAMICA A","NA","400","NA","400","NA"
"D-8","40730580","AMERICA PANORAMICA B","587537.5395","8167285.5497","Regular","S","Sí","Sí","Sí","Sí","Sí","Sí","No","No","Sí","Mañana","AMERICA PANORAMICA B","NA","NA","339","339","NA","NA"
"D-8","40730530","ATIPIRIS MAÑANA","587802.8591","8165924.2688","Regular","S","Sí","Sí","Sí","No","Sí","Sí","No","No","Sí","Mañana","ATIPIRIS MAÑANA","NA","NA","641","641","NA","NA"
"D-8","40730059","ATIPIRIS TARDE","587802.8591","8165924.2688","Regular","I-P","Sí","Sí","Sí","No","Sí","Sí","No","No","No","Tarde","NA","ATIPIRIS TARDE","NA","862","NA","862","NA"
"D-8","40730367","18 DE DICIEMBRE A","587857.0583","8166387.1992","Regular","I-P","Sí","Sí","NA","No","Sí","Sí","No","No","No","Tarde","NA","18 DE DICIEMBRE A","NA","419","NA","419","NA"
"D-8","40730628","18 DE DICIEMBRE B","587857.0583","8166387.1992","Regular","S","Sí","Sí","NA","No","Sí","Sí","No","No","No","Mañana","18 DE DICIEMBRE B","NA","NA","370","370","NA","NA"
"D-8","40730375","VIRGEN DE COPACABANA A","587715.7635","8166981.1758","Regular","I-P-S","Sí","Sí","NA","No","Sí","Sí","No","No","No","Mañana","VIRGEN DE COPACABANA A","VIRGEN DE COPACABANA A","NA","355","NA","355","NA"
"D-8","40730686","VIRGEN DE COPACABANA B","587715.7635","8166981.1758","Regular","I-P-S","Sí","Sí","Sí","No","Sí","Sí","No","No","No","Mañana","VIRGEN DE COPACABANA B","VIRGEN DE COPACABANA B","NA","266","NA","266","NA"
"D-8","40730389","COMANDANTE ERNESTO CHE GUEVARA A","588273.4179","8163839.1378","Regular","I-P","Sí","Sí","Sí","No","Sí","Sí","No","No","Sí","Tarde","NA","COMANDANTE ERNESTO CHE GUEVARA A","NA","662","NA","662","NA"
"D-8","40730555","COMANDANTE ERNESTO CHE GUEVARA B","588273.4179","8163839.1378","Regular","S","Sí","Sí","Sí","No","Sí","Sí","No","No","Sí","Mañana","COMANDANTE ERNESTO CHE GUEVARA B","NA","NA","536","536","NA","NA"
"D-8","40730393","23 DE MARZO A","588085.3999","8162557.6124","Regular","I-P","Sí","Sí","NA","No","Sí","Sí","No","Sí","No","Tarde","NA","23 DE MARZO A","NA","747","NA","747","NA"
"D-8","40730577","23 DE MARZO B","588085.3999","8162557.6124","Regular","S","Sí","Sí","NA","No","Sí","Sí","No","Sí","No","Mañana","23 DE MARZO B","NA","NA","558","NA","558","NA"
"D-8","40730585","ECOLOGICO LOS PINOS B","588126.0221","8164930.3926","Regular","S","Sí","Sí","NA","No","Sí","Sí","No","Sí","No","Mañana","ECOLOGICO LOS PINOS B","NA","NA","523","523","NA","NA"
"D-8","40730418","ECOLOGICO LOS PINOS A","588126.0221","8164930.3926","Regular","I-P","Sí","Sí","Sí","No","Sí","Sí","No","Sí","No","Tarde","NA","ECOLOGICO LOS PINOS A","NA","714","NA","714","NA"
"D-8","40730430","AVELINO SIÑANI","588127.3229","8163835.355","Regular","I-P-S","Sí","Sí","Sí","No","Sí","Sí","No","Sí","Sí","Mañana","AVELINO SIÑANI","NA","NA","710","710","NA","NA"
"D-8","40730450","VENTILLA I","588029.8965","8163427.7011","Bueno","I-P-S","Sí","Sí","Sí","No","Sí","Sí","No","Sí","Sí","Mañana","VENTILLA I","NA","NA","622","622","NA","NA"
"D-8","40730451","JARDINES A","588209.2083","8162372.7906","Regular","I-P","Sí","Sí","NA","No","Sí","Sí","No","No","No","Tarde","NA","JARDINES A","NA","390","NA","390","NA"
"D-8","40730637","JARDINES B","588209.2083","8162372.7906","Regular","S","Sí","Sí","NA","No","Sí","Sí","No","No","No","Mañana","JARDINES B","NA","NA","316","316","NA","NA"
"D-8","40730587","BOLIVIANO ALEMAN FLORIDA B","588194.0956","8166656.0595","Regular","S","Sí","Sí","Sí","No","Sí","Sí","No","Sí","Sí","Mañana","BOLIVIANO ALEMAN FLORIDA B","NA","NA","224","224","NA","NA"
"D-8","40730452","BOLIVIANO ALEMAN FLORIDA A","588194.0956","8166656.0595","Regular","I-P","Sí","Sí","Sí","No","Sí","Sí","No","No","No","Tarde","NA","BOLIVIANO ALEMAN FLORIDA A","NA","244","NA","244","NA"
"D-8","40730457","NUEVA ESPERANZA","588648.0613","8165347.2818","Regular","I-P-S","Sí","Sí","NA","No","Sí","Sí","No","Sí","No","Mañana","NUEVA ESPERANZA","NA","NA","424","424","NA","NA"
"D-8","40730495","17 DE OCTUBRE","587804.2694","8165425.7352","Regular","I-P-S","Sí","Sí","NA","No","Sí","Sí","No","Sí","No","Mañana","17 DE OCTUBRE","NA","NA","577","577","NA","NA"
"D-8","40730498","ALONZO DE MENDOZA","588164.9802","8162721","Regular","I-P-S","Sí","Sí","No","Sí","Sí","Sí","No","No","No","Mañana","ALONZO DE MENDOZA","NA","NA","431","431","NA","NA"
"D-8","40730500","BOLIVIANO AMERICANO A","588028.8262","8165217.0095","Regular","I-P-S","Sí","Sí","NA","No","Sí","Sí","No","Sí","Sí","Mañana","BOLIVIANO AMERICANO A","NA","NA","460","460","NA","NA"
"D-8","40730685","BOLIVIANO AMERICANO B","588028.8262","8165217.0095","Regular","I-P-S","Sí","Sí","Sí","No","Sí","Sí","No","No","Sí","Mañana","BOLIVIANO AMERICANO B","NA","NA","293","293","NA","NA"
"D-8","40730516","DIONICIO MORALES CHOQUE","587575.929","8163692.3302","Regular","I-P-S","Sí","Sí","NA","No","Sí","Sí","No","No","No","Mañana","DIONICIO MORALES CHOQUE","NA","NA","317","317","NA","NA"
"D-8","40730517","REPUBLICA BOLIVARIANA DE VENEZUELA","587492.487","8164340.1701","Regular","I-P-S","Sí","Sí","Sí","No","Sí","Sí","No","No","No","Mañana","REPUBLICA BOLIVARIANA DE VENEZUELA","NA","NA","550","550","NA","NA"
"D-8","40730519","ARCO IRIS","588262.9329","8164380.9476","Regular","I-P-S","Sí","Sí","Sí","No","Sí","Sí","No","No","No","Mañana","ARCO IRIS","NA","NA","359","359","NA","NA"
"D-8","40730536","MODELO SUR","587563.8012","8162215.3521","Regular","I-P-S","Sí","Sí","No","Sí","Sí","Sí","No","No","No","Mañana","MODELO SUR","NA","NA","351","351","NA","NA"
"D-8","40730537","VIRGEN DE URKUPIÑA","588528.8315","8166422.0798","Regular","I-P","Sí","Sí","NA","No","Sí","Sí","No","No","No","Mañana","VIRGEN DE URKUPIÑA","NA","NA","154","154","NA","NA"
"D-8","40730554","LUIS ESPINAL NUEVO VENTILLA","588029.8965","8163427.7011","Regular","I-P-S","Sí","Sí","NA","No","Sí","Sí","No","No","No","Mañana","LUIS ESPINAL NUEVO VENTILLA","NA","NA","299","299","NA","NA"
"D-8","40730076","BOLIVIA MAR A","585837.1926","8167106.9516","Regular","I-P","Sí","Sí","NA","No","Sí","Sí","No","No","No","Tarde","NA","BOLIVIA MAR A","NA","501","NA","501","NA"
"D-8","40730588","BOLIVIA MAR B","585837.1926","8167106.9516","Regular","S","Sí","Sí","NA","No","Sí","Sí","No","No","No","Mañana","BOLIVIA MAR B","NA","NA","439","439","NA","NA"
"D-8","40730078","ESPAÑA MAÑANA","586584.0304","8166285.3106","Regular","I-P","Sí","Sí","NA","No","Sí","Sí","No","No","Sí","Mañana","ESPAÑA MAÑANA","NA","NA","850","850","NA","NA"
"D-8","40730079","ESPAÑA TARDE","586584.0304","8166285.3106","Regular","S","Sí","Sí","Sí","No","Sí","Sí","No","No","Sí","Tarde","NA","ESPAÑA TARDE","NA","630","NA","630","NA"
"D-8","40730390","16 DE NOVIEMBRE - A","586337.2641","8166804.1909","Regular","I-P","Sí","Sí","NA","No","Sí","Sí","No","No","No","Mañana","16 DE NOVIEMBRE - A","NA","NA","463","463","NA","NA"
"D-8","40730674","16 DE NOVIEMBRE - B","586337.2641","8166804.1909","Regular","S","Sí","Sí","Sí","No","Sí","Sí","No","No","No","Tarde","NA","16 DE NOVIEMBRE - B","NA","359","NA","359","NA"
"D-8","40730391","SAN ANTONIO A","586900.7494","8166823.3703","Regular","I-P","Sí","Sí","Sí","No","Sí","Sí","No","No","No","Mañana","SAN ANTONIO A","NA","NA","539","539","NA","NA"
"D-8","40730626","SAN ANTONIO B","586900.7494","8166823.3703","Regular","S","Sí","Sí","Sí","No","Sí","Sí","No","No","No","Tarde","NA","SAN ANTONIO B","NA","384","NA","384","NA"
"D-8","40730417","SEBASTIAN PAGADOR - A","586142.2033","8165538.5858","Regular","I-P","Sí","Sí","NA","No","Sí","Sí","No","No","No","Tarde","NA","SEBASTIAN PAGADOR - A","NA","423","NA","423","NA"
"D-8","40730673","SEBASTIAN PAGADOR - B","586142.2033","8165538.5858","Regular","S","Sí","Sí","Sí","No","Sí","Sí","No","No","No","Mañana","SEBASTIAN PAGADOR - B","NA","NA","288","288","NA","NA"
"D-8","40730423","IBERDROLA A","586785.3022","8165736.6262","Regular","I-P","Sí","Sí","NA","No","Sí","Sí","No","No","No","Tarde","NA","IBERDROLA A","NA","415","NA","415","NA"
"D-8","40730627","IBERDROLA B","586785.3022","8165736.6262","Regular","S","Sí","Sí","Sí","No","Sí","Sí","No","No","No","Mañana","IBERDROLA B","NA","NA","335","335","NA","NA"
"D-8","40730449","REPUBLICA DE ITALIA","586862.475","8166004.7537","Regular","I-P-S","Sí","Sí","Sí","No","Sí","Sí","No","No","No","Mañana","REPUBLICA DE ITALIA","NA","NA","551","551","NA","NA"
"D-8","40730462","24 DE JULIO","586004.1018","8166260.1737","Bueno","I-P-S","Sí","Sí","NA","No","Sí","Sí","No","No","No","Mañana","24 DE JULIO","NA","NA","689","689","NA","NA"
"D-8","40730086","TOPATER","585620.1883","8168879.4642","Regular","I-P-S","Sí","Sí","NA","No","Sí","Sí","No","No","No","Mañana","TOPATER","NA","NA","982","982","NA","NA"
"D-8","40730385","NUEVO AMANECER DE FE Y ALEGRIA A","583272.8635","8168405.2702","Regular","I-P","Sí","Sí","NA","No","Sí","Sí","No","Sí","Sí","Tarde","NA","NUEVO AMANECER DE FE Y ALEGRIA A","NA","765","NA","765","NA"
"D-8","40730615","NUEVO AMANECER DE FE Y ALEGRIA B","583272.8635","8168405.2702","Regular","S","Sí","Sí","NA","No","Sí","Sí","No","Sí","Sí","Mañana","NUEVO AMANECER DE FE Y ALEGRIA B","NA","NA","584","584","NA","NA"
"D-8","40730424","REPUBLICA DEL JAPON A","584770.0426","8169541.5544","Regular","I-P","Sí","Sí","NA","No","Sí","Sí","No","No","No","Tarde","NA","REPUBLICA DEL JAPON A","NA","359","NA","359","NA"
"D-8","40730638","REPUBLICA DEL JAPON B","584770.0426","8169541.5544","Regular","S","Sí","Sí","NA","No","Sí","Sí","No","No","No","Mañana","REPUBLICA DEL JAPON B","NA","NA","296","296","NA","NA"
"D-8","40730453","SAN AGUSTIN A","583712.4886","8168144.9533","Regular","I-P","Sí","Sí","NA","No","Sí","Sí","No","Sí","Sí","Tarde","NA","SAN AGUSTIN A","NA","520","NA","520","NA"
"D-8","40730511","SAN AGUSTIN B","583712.4886","8168144.9533","Regular","S","Sí","Sí","NA","No","Sí","Sí","No","Sí","Sí","Mañana","SAN AGUSTIN B","NA","NA","390","390","NA","NA"
"D-8","40730461","ECOLOGICO BADEN POWELL","584551.0567","8168978.1124","Regular","I-P-S","Sí","Sí","NA","No","Sí","Sí","No","Sí","Sí","Mañana","ECOLOGICO BADEN POWELL","NA","NA","452","452","NA","NA"
"D-8","40730496","VILLA IMPERIAL","584433.6315","8166638.7032","Bueno","I-P-S","Sí","Sí","Sí","No","Sí","Sí","No","Sí","Sí","Mañana","VILLA IMPERIAL","VILLA IMPERIAL","NA","905","NA","905","NA"
"D-8","40730501","AKAPANA FUEZA ANDINA","584712.954","8168162.1802","Regular","I-P-S","Sí","Sí","Sí","No","Sí","Sí","No","No","No","Mañana","AKAPANA FUEZA ANDINA","NA","NA","479","479","NA","NA"
"D-8","40730512","LUZ DE BELEN","583222.2718","8165551.7146","Regular","I-P-S","Sí","Sí","No","Sí","Sí","Sí","No","No","No","Mañana","LUZ DE BELEN","NA","NA","346","346","NA","NA"
"D-8","40730520","24 DE SEPTIEMBRE","585484.373","8169261.9488","Regular","I-P","Sí","Sí","NA","No","Sí","Sí","No","No","No","Mañana","24 DE SEPTIEMBRE","NA","NA","123","123","NA","NA"
"D-8","40730533","15 DE ABRIL","584074.932565","8168037.28278","Regular","I-P-S","Sí","Sí","NA","No","Sí","Sí","No","No","No","Mañana","15 DE ABRIL","NA","NA","369","369","NA","NA"
"D-8","50730032","TUPAC AMARU","585342.05","8167901.4432","Regular","I-P-S","Sí","Sí","Sí","No","Sí","Sí","No","No","No","Mañana","TUPAC AMARU","NA","NA","543","543","NA","NA"
"D-8","70620076","SIMON BOLIVAR A","584814.1561","8168857.9027","Regular","I-P","Sí","Sí","Sí","No","Sí","Sí","No","No","No","Tarde","NA","SIMON BOLIVAR A","NA","378","NA","378","NA"
"D-8","40730639","SIMON BOLIVAR B","584814.1561","8168857.9027","Regular","S","Sí","Sí","NA","No","Sí","Sí","No","No","No","Mañana","SIMON BOLIVAR B","NA","NA","280","280","NA","NA"
"D-8","40730392","31 DE OCTUBRE A","586695.1946","8162552.5968","Regular","I-P","Sí","Sí","Sí","No","Sí","Sí","No","No","No","Tarde","NA","31 DE OCTUBRE A","NA","695","NA","695","NA"
"D-8","40730558","31 DE OCTUBRE B","586695.1946","8162552.5968","Regular","S","Sí","Sí","Sí","No","Sí","Sí","No","No","No","Mañana","31 DE OCTUBRE B","NA","NA","537","537","NA","NA"
"D-8","40730556","TARAPACA JUNTHUMA B","586695.973","8163704.0811","Regular","S","Sí","Sí","Sí","No","Sí","Sí","No","No","No","Mañana","TARAPACA JUNTHUMA B","NA","NA","503","503","NA","NA"
"D-8","40730410","TARAPACA JUNTHUMA A","586695.973","8163704.0811","Regular","I-P","Sí","Sí","Sí","No","Sí","Sí","No","No","No","Tarde","NA","TARAPACA JUNTHUMA A","NA","730","NA","730","NA"
"D-8","40730427","CRISTAL A","585274.6247","8165475.1049","Regular","I-P","Sí","Sí","NA","No","Sí","Sí","No","Sí","Sí","Mañana","CRISTAL A","NA","NA","714","714","NA","NA"
"D-8","40730619","CRISTAL B","585274.6247","8165475.1049","Regular","S","Sí","Sí","Sí","No","Sí","Sí","No","Sí","Sí","Tarde","NA","CRISTAL B","NA","487","NA","487","NA"
"D-8","40730436","COPACABANA I","584975.0464","8164378.5531","Regular","I-P-S","Sí","Sí","Sí","No","Sí","Sí","No","No","No","Mañana","COPACABANA I","NA","NA","561","561","NA","NA"
"D-8","40730581","BOLIVIANO JAPONES B","585631.8959","8164668.4285","Regular","S","Sí","Sí","Sí","No","Sí","Sí","No","No","No","Mañana","BOLIVIANO JAPONES B","NA","NA","372","372","NA","NA"
"D-8","40730439","BOLIVIANO JAPONES A","585631.8959","8164668.4285","Regular","I-P","Sí","Sí","Sí","No","Sí","Sí","No","No","No","Tarde","NA","BOLIVIANO JAPONES A","NA","491","NA","491","NA"
"D-8","40730440","ILLIMANI 26 DE ABRIL B","586343.6128","8163320.5383","Bueno","P","Sí","Sí","No","No","Sí","Sí","No","Sí","Sí","Tarde","NA","ILLIMANI 26 DE ABRIL B","NA","579","NA","579","NA"
"D-8","40730548","ILLIMANI 26 DE ABRIL A","586343.6128","8163320.5383","Bueno","S","Sí","Sí","Sí","No","Sí","Sí","No","Sí","Sí","Mañana","ILLIMANI 26 DE ABRIL A","NA","NA","585","585","NA","NA"
"D-8","40730631","ILLIMANI 26 DE ABRIL C","586343.6128","8163320.5383","Regular","I","Sí","Sí","NA","No","Sí","Sí","No","Sí","Sí","Tarde","NA","ILLIMANI 26 DE ABRIL C","NA","174","NA","174","NA"
"D-8","40730629","TARAPACA 7 DE OCTUBRE B","586482.6846","8164203.7621","Regular","S","Sí","Sí","Sí","No","Sí","Sí","No","No","No","Mañana","TARAPACA 7 DE OCTUBRE B","NA","NA","389","389","NA","NA"
"D-8","40730443","TARAPACA 7 DE OCTUBRE A","586482.6846","8164203.7621","Regular","I-P","Sí","Sí","Sí","No","Sí","Sí","No","No","No","Tarde","NA","TARAPACA 7 DE OCTUBRE A","NA","463","NA","463","NA"
"D-8","40730473","CATOLICO MERCEDES A","583798.7562","8168752.3524","Regular","I-P","Sí","Sí","Sí","No","Sí","Sí","No","Sí","Sí","Tarde","NA","CATOLICO MERCEDES A","NA","539","NA","539","NA"
"D-8","40730586","CATOLICO MERCEDES B","583798.7562","8168752.3524","Regular","S","Sí","Sí","Sí","No","Sí","Sí","No","Sí","Sí","Mañana","CATOLICO MERCEDES B","NA","NA","369","369","NA","NA"
"D-8","40730488","SAN SILVESTRE","586858.8401","8164610.1866","Regular","I-P-S","Sí","Sí","Sí","No","Sí","Sí","No","No","No","Mañana","SAN SILVESTRE","NA","NA","547","547","NA","NA"
"D-8","40730574","SIMON BOLIVAR SUR","586993.3211","8161787.6637","Regular","I-P-S","Sí","Sí","No","Sí","Sí","Sí","No","No","No","Mañana","SIMON BOLIVAR SUR","NA","NA","442","442","NA","NA"
"D-8","40730575","5 DE AGOSTO LAS NIEVES","585790.1246","8164440.3137","Regular","I-P-S","Sí","Sí","No","Sí","Sí","Sí","No","No","No","Mañana","5 DE AGOSTO LAS NIEVES","NA","NA","261","261","NA","NA"
"D-8","40730576","VENEZUELA PLAN 3000","585366.0384","8163237.8508","Regular","I-P-S","Sí","Sí","NA","No","Sí","Sí","No","No","No","Mañana","VENEZUELA PLAN 3000","NA","NA","711","711","NA","NA"
"D-8","40730578","JARDINES DEL SUR","585907.5527","8163391.2432","Bueno","I-P-S","Sí","Sí","Sí","No","Sí","Sí","No","Sí","Sí","Mañana","JARDINES DEL SUR","NA","NA","368","368","NA","NA"
"D-8","40730606","VIRGEN DEL SOCAVON","586171.6132","8162401.9017","Regular","I-P-S","Sí","Sí","No","No","Sí","Sí","No","No","No","Mañana","VIRGEN DEL SOCAVON","NA","NA","321","321","NA","NA"
"D-8","40730254","27 DE MAYO A","586613.5787","8164865.6327","Regular","I-P","Sí","Sí","Sí","No","Sí","Sí","No","Sí","Sí","Mañana","27 DE MAYO A","NA","NA","743","743","NA","NA"
"D-8","40730557","27 DE MAYO B","586613.5787","8164865.6327","Regular","S","Sí","Sí","Sí","No","Sí","Sí","No","Sí","Sí","Tarde","NA","27 DE MAYO B","NA","546","NA","546","NA"
"D-8","40730282","SAN SEBASTIAN A","586045.145858","8164629.78503","Regular","I-P","Sí","Sí","Sí","No","Sí","Sí","No","No","No","Tarde","NA","SAN SEBASTIAN A","NA","677","NA","677","NA"
"D-8","40730579","SAN SEBASTIAN B","586045.145858","8164629.78503","Regular","S","Sí","Sí","NA","No","Sí","Sí","No","No","No","Mañana","SAN SEBASTIAN B","NA","NA","512","512","NA","NA"
"D-8","40730632","14 DE MARZO","585610.4166","8166375.0004","Malo","I-P","Sí","Sí","No","No","Sí","Sí","No","No","No","Mañana","14 DE MARZO","NA","NA","79","79","NA","NA"
"D-8","40730672","2 DE FEBRERO","585589.0499","8162903.1586","Malo","I-P","Sí","Sí","Sí","No","Sí","Sí","No","No","No","Mañana","2 DE FEBRERO","NA","NA","81","81","NA","NA"
"D-9","40730202","EDUARDO AVAROA 1","574368.100636","8176257.18285","Regular","I-P-S","Sí","Sí","No","Sí","Sí","Sí","No","No","Sí","Mañana","EDUARDO AVAROA 1","NA","NA","349","349","NA","NA"
"D-9","40730201","REPUBLICA DE CUBA DEL CARIBE","574722.636315","8177916.26997","Regular","I-P-S","Sí","Sí","No","Sí","Sí","Sí","No","Sí","Sí","Mañana","REPUBLICA DE CUBA DEL CARIBE","NA","NA","339","339","NA","NA"
"D-9","40730176","VILLANDRANI","575685.542523","8175851.5306","Regular","I-P-S","Sí","Sí","No","Sí","Sí","Sí","No","Sí","Sí","Mañana","VILLANDRANI","NA","NA","309","309","NA","NA"
"D-10","50730024","AMACHUMA","591508.908051","8160539.90456","Regular","I-P-S","Sí","No","No","Sí","Sí","Sí","No","No","Sí","Mañana","AMACHUMA","NA","NA","379","379","NA","NA"
"D-10","50730010","GUALBERTO VILLARROEL","583198.713795","8164021.40144","Regular","I-P","Sí","Sí","No","Sí","Sí","Sí","No","No","Sí","Mañana","GUALBERTO VILLARROEL","NA","NA","81","81","NA","NA"
"D-11","40730172","OCOMISTO","577101.620439","8175365.14548","Regular","I-P-S","Sí","Sí","No","Sí","Sí","Sí","No","Sí","Sí","Mañana","OCOMISTO","NA","NA","246","246","NA","NA"
"D-11","40730173","REPUBLICA DEL URUGUAY","577240.079557","8173469.44007","Regular","I-P-S","Sí","No","No","Sí","Sí","Sí","No","Sí","Sí","Mañana","REPUBLICA DEL URUGUAY","NA","NA","411","411","NA","NA"
"D-11","40730645","RODOLFO JOAQUÍN ILLANES ALVARADO","575085","8173951","Malo","I-P","Sí","Sí","No","Sí","No","No","No","No","No","Mañana","RODOLFO JOAQUÍN ILLANES ALVARADO","NA","NA","59","59","NA","NA"
"D-12","40730420","AMERICA I","582391.034","8170022.709","Bueno","I-P-S","Sí","Sí","Sí","No","Sí","Sí","No","Sí","Sí","Mañana","AMERICA I","NA","NA","719","719","NA","NA"
"D-12","40730374","CHIJINI ALTO","582501.172","8168141.569","Regular","I-P-S","Sí","Sí","Sí","Sí","Sí","Sí","No","Sí","Sí","Mañana","CHIJINI ALTO","NA","NA","587","587","NA","NA"
"D-12","70620063","MERCEDES ELIO DE RIVERO B","581990.394403","8169322.71977","Regular","I-P-S","Sí","Sí","Sí","Sí","Sí","Sí","No","No","Sí","Mañana","MERCEDES ELIO DE RIVERO B","MERCEDES ELIO DE RIVERO A","NA","554","554","718","NA"
"D-12","40730373","REPUBLICA DE CANADA","583008.065","8169544.62","Regular","I-P-S","Sí","Sí","Sí","No","Sí","Sí","No","Sí","Sí","Mañana","REPUBLICA DE CANADA","NA","NA","1011","1011","NA","NA"
"D-12","40730334","RETAMA B","581404.064373","8168441.35883","Regular","I-P-S","Sí","Sí","Sí","No","Sí","Sí","No","Sí","Sí","Mañana","RETAMA B","RETAMA A","NA","464","464","724","NA"
"D-12","40730445","PEKIN","583492.562","8168768.325","Malo","I-P","Sí","Sí","Sí","No","Sí","Sí","No","No","No","Mañana","PEKIN","NA","NA","380","380","NA","NA"
"D-12","40730458","SAN MARTIN B","580895.00027","8170135.71729","Malo","I-P","Sí","Sí","Sí","Sí","Sí","Sí","No","No","No","Mañana","SAN MARTIN B","NA","NA","303","303","NA","NA"
"D-12","70620072","SAN MARTIN DE PORRES","583057.517","8168537.69","Regular","I-P-S","Sí","Sí","Sí","No","Sí","Sí","No","Sí","Sí","Mañana","SAN MARTIN DE PORRES","SAN MARTIN DE PORRES","NA","720","720","639","NA"
"D-13","40730584","EL INGENIO","585450.502857","8180660.17409","Regular","I-P","Sí","No","No","Sí","No","No","No","No","Sí","Mañana","EL INGENIO","NA","NA","26","26","NA","NA"
"D-13","40730583","MILLUNI BAJO","583038.851784","8183018.00906","Regular","I-P","No","No","No","Sí","Sí","Sí","No","No","Sí","Mañana","MILLUNI BAJO","NA","NA","48","48","NA","NA"
"D-14","40730582","ALEJANDRO MALDONADO","579432.182241","8175689.13412","Regular","I-P","Sí","Sí","Sí","No","Sí","Sí","No","No","No","Mañana","ALEJANDRO MALDONADO","NA","NA","134","134","NA","NA"
"D-14","40730199","BAUTISTA SAAVEDRA","581811.24143","8177158.18971","Regular","I-P-S","Sí","Sí","Sí","No","Sí","Sí","Sí","Sí","Sí","Mañana","BAUTISTA SAAVEDRA","BAUTISTA SAAVEDRA","CRUZ ANDINA","917","917","1050","NA"
"D-14","40730630","COREA DEL SUR","580301.642","8176270.131","Malo","I-P","Sí","Sí","No","Sí","No","No","No","No","No","Mañana","COREA DEL SUR","NA","NA","50","50","NA","NA"
"D-14","40730509","CORAZON DE SUDAMERICA","580616","8177250.14911","Malo","I-P-S","Sí","Sí","No","Sí","Sí","Sí","No","No","No","Mañana","CORAZON DE SUDAMERICA","NA","NA","348","348","NA","NA"
"D-14","40730514","DIONICIO MORALES","581131.124128","8175966.71178","Regular","I-P-S","Sí","Sí","Sí","No","Sí","No","No","No","No","Mañana","DIONICIO MORALES","NA","NA","474","474","NA","NA"
"D-14","40730198","EL CARMEN","582350.649736","8179956.33342","Regular","I-P-S","Sí","Sí","No","Sí","Sí","Sí","No","Sí","No","Mañana","EL CARMEN","NA","NA","467","467","NA","NA"
"D-14","40730373","FRANZ TAMAYO DE RIO SECO A","579631.168444","8174743.01944","Regular","I-P","Sí","Sí","No","Sí","Sí","Sí","No","Sí","Sí","Mañana","FRANZ TAMAYO DE RIO SECO A","NA","NA","812","812","NA","NA"
"D-14","40730635","FRANZ TAMAYO DE RIO SECO B","579631.168444","8174743.01944","Regular","S","NA","NA","NA","NA","Sí","Sí","No","Sí","Sí","Tarde","NA","FRANZ TAMAYO DE RIO SECO B","NA","571","NA","571","NA"
"D-14","40730402","GUALBERTO VILLARROEL","582307.999274","8178435.21194","Regular","I-P-S","Sí","Sí","Sí","No","Sí","Sí","No","Sí","Sí","Mañana","GUALBERTO VILLARROEL","GUALBERTO VILLARROEL","NA","885","885","NA","NA"
"D-14","40730553","HABANA CUBA","580682.357954","8176100.40613","Regular","I-P","Sí","Sí","Sí","No","Sí","No","No","No","No","Mañana","HABANA CUBA","NA","NA","239","239","NA","NA"
"D-14","40730441","HUMBERTO PORTOCARRERO TARDE","580509.244535","8175450.61837","Regular","S","Sí","Sí","No","Sí","Sí","Sí","No","No","No","Tarde","NA","HUMBERTO PORTOCARRERO TARDE","NA","737","NA","737","NA"
"D-14","40730597","HUMBERTO PORTOCARRERO MAÑANA","580509.244535","8175450.61837","Regular","I-P","NA","NA","NA","NA","Sí","Sí","No","No","No","Mañana","HUMBERTO PORTOCARRERO MAÑANA","NA","NA","1024","1024","NA","NA"
"D-14","40730491","JUANCITO PINTO","581705.480171","8176083.36049","Malo","I-P-S","Sí","Sí","Sí","No","Sí","Sí","No","No","No","Mañana","JUANCITO PINTO","NA","NA","336","336","NA","NA"
"D-14","40730442","KOLLASUYO","581204.659683","8177022.66444","Regular","I-P-S","Sí","Sí","No","Sí","Sí","Sí","No","No","No","Mañana","KOLLASUYO","NA","NA","752","752","NA","NA"
"D-14","40730469","LATINOAMERICANO","581774.61816","8178395.94904","Malo","I-P-S","Sí","Sí","Sí","No","Sí","Sí","No","No","No","Mañana","LATINOAMERICANO","NA","NA","759","759","NA","NA"
"D-14","40730527","LIBERTAD FRANZ TAMAYO A","578781.856082","8175465.80122","Regular","I-P","Sí","Sí","Sí","No","Sí","Sí","No","No","No","Mañana","LIBERTAD FRANZ TAMAYO A","NA","NA","884","884","NA","NA"
"D-14","40730683","LIBERTAD FRANZ TAMAYO B","578781.856082","8175465.80122","Regular","S","NA","NA","NA","NA","Sí","Sí","No","No","No","Mañana","LIBERTAD FRANZ TAMAYO B","NA","NA","","NA","NA","NA"
"D-14","40730545","MARIA AYMA MAMANI","580513.280908","8176817.91818","Regular","I-P","Sí","Sí","No","Sí","Sí","Sí","No","Sí","Sí","Mañana","MARIA AYMA MAMANI","NA","NA","389","389","NA","NA"
"D-14","40730505","MANUEL RIGOBERTO PAREDES","584169.462033","8179268.1069","Regular","I-P-S","Sí","Sí","No","Sí","Sí","No","No","Sí","Sí","Mañana","MANUEL RIGOBERTO PAREDES","NA","NA","525","525","NA","NA"
"D-14","40730617","MILLUNI","580953.97","8178513.46","Malo","I-P","Sí","Sí","Sí","No","Sí","No","No","No","No","Mañana","MILLUNI","NA","NA","106","106","NA","NA"
"D-14","40730646","OSCAR ALFARO B MAÑANA","581509.270816","8176622.94266","Regular","S","Sí","Sí","Sí","No","Sí","Sí","No","Sí","Sí","Mañana","OSCAR ALFARO B","NA","NA","616","616","NA","NA"
"D-14","40730148","OSCAR ALFARO B TARDE","581509.270816","8176622.94266","Regular","I-P","NA","NA","NA","NA","Sí","Sí","No","Sí","Sí","Tarde","NA","OSCAR ALFARO B","NA","786","NA","786","NA"
"D-14","40730497","PATRIA NUEVA","581201.645611","8177729.22236","Regular","I-P-S","Sí","Sí","Sí","No","Sí","Sí","No","No","No","Mañana","PATRIA NUEVA","NA","NA","596","596","NA","NA"
"D-14","40730589","REPUBLICA DE MEXICO","583205.16","8179124.42","Regular","I-P","Sí","Sí","Sí","No","Sí","Sí","No","No","No","Mañana","REPUBLICA DE MEXICO","NA","NA","172","172","NA","NA"
"D-14","40730589","REP. FEDERAL DE ALEMANIA","582077.254984","8177863.97309","Regular","I-P-S","Sí","Sí","Sí","No","Sí","No","No","Sí","No","Mañana","REP. FEDERAL DE ALEMANIA","NA","NA","1533","1533","NA","NA"
"D-14","40730397","VENEZUELA A","579734.041658","8175218.77668","Regular","I-P","Sí","Sí","Sí","No","Sí","No","No","No","No","Tarde","NA","VENEZUELA A","NA","683","NA","683","NA"
"D-14","40730634","VENEZUELA B","579734.041658","8175218.77668","Regular","S","NA","NA","NA","NA","Sí","No","No","No","No","Mañana","VENEZUELA B","NA","NA","562","562","NA","NA"
"D-14","40730183","VILLA COOPERATIVA A","582708.645009","8178617.03202","Malo","I-P","Sí","Sí","Sí","No","Sí","Sí","No","Sí","No","Mañana","VILLA COOPERATIVA A","NA","NA","660","660","NA","NA"
"D-14","40730633","VILLA COOPERATIVA B","582708.645009","8178617.03202","Malo","S","NA","NA","NA","NA","Sí","Sí","No","Sí","No","Tarde","NA","VILLA COOPERATIVA B","NA","475","NA","475","NA"